"ActiveScreener.Id","Time.of.Screening","Title","Authors","List.of.Reviewers","Q1","Q2","Q3"
13976904,"05/17/2024 21:50:58","Witch Flounder Distribution off Southern Newfoundland, and Changes in Age, Growth, and Sexual Maturity Patterns with Commercial Exploitation","Bowering, W. R. ","Gamble, Robert","Temperature","Yes, include the reference","Witch flounder (Glyptocephalus cynoglossus)"
13976901,"05/29/2024 12:15:43","Windowpane flounder (Scophthalmus aquosus) and winter flounder (Pseudopleuronectes americanus) responses to cold temperature extremes in a Northwest Atlantic estuary","Wilber, Dara H., Clarke, Douglas G., Alcoba, Catherine M.  et al.","Caracappa, Joseph","Temperature","Yes, include the reference","Windowpane (Scophthalmus aquosus), Winter flounder (Pseudopleuronectes americanus)"
13976895,"05/21/2024 11:19:58","Warm and cold temperatures limit the maximum body length of teleost fishes across a latitudinal gradient in Norwegian waters","Lavin, Charles P., Gordó-Vilaseca, Cesc, Costello, Mark John  et al.","Gamble, Robert","Temperature","Yes, include the reference","Atlantic wolffish (Anarhichas lupus)"
13976893,"05/20/2024 15:02:49","The vulnerability of different populations of the commercially-important shrimp Pandalus borealis to environmental stress","Hall, Emilie Florence ","Gamble, Robert","Temperature","Yes, include the reference","Northern shrimp (Pandalus borealis)"
13976892,"05/21/2024 11:26:12","Viable embryogenesis of the winter flounder Pseudopleuronectes americanus from - 1.8° to 15°C","Williams, G. C. ","Gamble, Robert","Temperature","Yes, include the reference","Winter flounder (Pseudopleuronectes americanus)"
13976875,"05/21/2024 13:14:53","Using Stable Isotopic Data to Resolve Rate and Duration of Growth throughout Ontogeny: An Example from the Surf Clam, Spisula solidissima","Ivany, Linda C., Wilkinson, Bruce H., Jones, Douglas S. ","Gamble, Robert","Temperature, Salinity","Yes, include the reference","Atlantic surf clam (Spisula solidissima)"
13976874,"05/28/2024 17:31:56","Use of satellite tags to reveal the movements of spiny dogfish Squalus acanthias in the western North Atlantic Ocean","Sulikowski, James A., Galuardi, Benjamin, Bubley, Walter J.  et al.","Caracappa, Joseph","Temperature","Yes, include the reference","Spiny dogfish (Squalus acanthias)"
13976873,"05/20/2024 14:47:16","The use of RNA:DNA ratios to predict growth limitation of juvenile summer flounder (Paralichthys dentatus) from Delaware and North Carolina estuaries","Malloy, K. D., Targett, Timothy E. ","Gamble, Robert","Temperature","Yes, include the reference","Summer flounder (Paralichthys dentatus)"
13976871,"05/20/2024 14:12:34","Upper Thermal Tolerance and Heat Shock Protein Response of Juvenile American Shad ( 
<i>Alosa sapidissima</i>)","Bayse, S. M., Shaughnessy, C. A., Regish, A. M.  et al.","Caracappa, Joseph","Temperature","Yes, include the reference","American shad (Alosa sapidissima)"
13976869,"05/21/2024 11:22:46","Upper Temperature Tolerance of Spot, Leiostomus xanthurus , From the Cape Fear River Estuary, North Carolina","Hodson, R. G., Fechhelm, R. G., Monroe, R. J. ","Gamble, Robert","Temperature","Yes, include the reference","Spot (Leiostomus xanthurus)"
13976857,"05/17/2024 18:35:55","Transcriptomic Response of the Atlantic Surfclam ( 
<i>Spisula solidissima</i>) to Acute Heat Stress","Acquafredda, M., Guo, X. M., Munroe, D. ","Caracappa, Joseph","Temperature","Yes, include the reference","Atlantic surf clam (Spisula solidissima)"
13976856,"05/29/2024 17:15:17","Transcriptomic imprints of adaptation to fresh water: parallel evolution of osmoregulatory gene expression in the Alewife","Velotta, J. P., Wegrzyn, J. L., Ginzburg, S.  et al.","Caracappa, Joseph","Salinity","Yes, include the reference","Alewife (Alosa pseudoharengus)"
13976850,"05/17/2024 20:36:18","Tolerance, growth and haloplasticity of the Atlantic wolffish ( 
<i>Anarhichas lupus</i>) exposed to various salinities","Le François, N. R., Lamarre, S. G., Blier, P. U. ","Caracappa, Joseph","Salinity","Yes, include the reference","Atlantic wolffish (Anarhichas lupus)"
13976849,"05/17/2024 20:27:37","Tolerance of the giant sea scallop, Placopecten magellanicus, to low salinity","Bergman, C., Parsons, J., Couturier, C. A. ","Caracappa, Joseph","Salinity","Yes, include the reference","Atlantic sea scallop (Placopecten magellanicus)"
13976848,"05/29/2024 13:02:20","Tolerance of Anguilla rostrata from Central America to Several Ecological Factors","Xue-hao, Chen ","Caracappa, Joseph","Temperature","Yes, include the reference","American eel (Anguilla rostrata)"
13976846,"05/20/2024 17:00:35","Tolerance and growth of juvenile common wolffish ( 
<i>Anarhichas lupus</i>) under low salinity and hypoxic conditions:: Preliminary results","Le François, N. R., Dutil, J. D., Blier, P.  et al.","Caracappa, Joseph","Salinity","Yes, include the reference","Atlantic wolffish (Anarhichas lupus)"
13976841,"05/17/2024 22:10:22","Tidal Influence on Movements and on Daily Cycle of Activity of American Eels","Dutil, J. ?D, Giroux, A., Kemp, A.  et al.","Gamble, Robert","Temperature","Yes, include the reference","American eel (Anguilla rostrata)"
13976837,"05/20/2024 14:09:22","Thermoprotection of a functional epithelium: heat stress effects on transepithelial transport by flounder renal tubule in primary monolayer culture","Brown, M. A., Upender, R. P., Hightower, Lawrence E.  et al.","Caracappa, Joseph","Temperature","Yes, include the reference","Witch flounder (Glyptocephalus cynoglossus)"
13976832,"05/17/2024 21:43:12","Thermal Tolerance of the Alewife","McCauley, Robert W., Binkowski, Fred P. ","Gamble, Robert","Temperature","Yes, include the reference","Alewife (Alosa pseudoharengus)"
13976829,"05/20/2024 19:47:47","Thermal tolerance by embryos and larvae of the surf clam Spisula solidissima","Roosenburg, W. H., Wright, D. A., Castagna, M. ","Caracappa, Joseph","Temperature","Yes, include the reference","Atlantic surf clam (Spisula solidissima)"
13976824,"05/21/2024 11:37:58","Thermal sensitivity of escape response performance by the scallop Placopecten magellanicus: Impact of environmental history","Guderley, H., Labbe-Giguere, S., Janssoone, X.  et al.","Gamble, Robert","Temperature","Yes, include the reference","Atlantic sea scallop (Placopecten magellanicus)"
13976823,"05/29/2024 12:14:24","Thermal Range and Physiological Tolerance Mechanisms in Two Shark Species from the Northwest Atlantic","Bockus, Abigail B., LaBreck, Christopher J., Camberg, Jodi L.  et al.","Caracappa, Joseph","Temperature","Yes, include the reference","Spiny dogfish (Squalus acanthias)"
13976818,"05/17/2024 21:56:03","Thermal Optima for the Culture of Juvenile Summer Flounder, Paralichthys dentatus","Gaylord, T. Gibson, Schwarz, Michael H., Cool, Ryan W.  et al.","Gamble, Robert","Temperature","Yes, include the reference","Summer flounder (Paralichthys dentatus)"
13976812,"05/17/2024 15:37:05","Thermal habitat for 0-group fish in the Barents Sea; how climate variability impacts their density, length, and geographic distribution","Eriksen, Elena, Ingvaldsen, Randi, Stiansen, Jan Erik  et al.","Gamble, Robert","Temperature","Yes, include the reference","Atlantic cod (Gadus morhua), Haddock (Melanogrammus aeglefinus), Atlantic herring (Clupea harengus)"
13976811,"05/23/2024 13:56:48","Thermal effects on growth and time to starvation during the yolk-sac larval period of Atlantic mackerel 
<i>Scomber scombrus</i> L","Mendiola, D., Ibaibarriaga, L., Alvarez, P. ","Caracappa, Joseph","Temperature","Yes, include the reference","Atlantic mackerel (Scomber scombrus)"
13976809,"05/20/2024 17:05:43","Thermal effects of power plant entrainment on survival of larval fishes: a laboratory assessment","Schubel, J. R., Smith, C. F., Koo, T. S. Y. ","Caracappa, Joseph","Temperature","Yes, include the reference","American shad (Alosa sapidissima), Blueback herring (Alosa aestivalus), Striped bass (Morone saxatilis)"
13976805,"05/20/2024 14:50:57","Thermal biology and swimming performance of Atlantic cod (Gadus morhua) and haddock (Melanogrammus aeglefinus)","Norin, Tommy, Canada, Paula, Bailey, Jason A.  et al.","Gamble, Robert","Temperature","Yes, include the reference","Atlantic cod (Gadus morhua), Haddock (Melanogrammus aeglefinus)"
13976802,"05/29/2024 12:07:06","Temporal and spatial variation in habitat characteristics of tilefish (Lopholatilus chamaeleonticeps) off the east coast of Florida","Able, K. W., Grimes, C. B., Jones, R. S.  et al.","Caracappa, Joseph","Temperature","Yes, include the reference","Tilefish (Lopholatilus chamaeleonticeps)"
13976801,"05/20/2024 15:00:05","Temperature, salinity tolerance, and buoyancy during early development and starvation of Clyde and North Sea herring, cod, and flounder larvae","Yin, M. C., Blaxter, J. H. S. ","Gamble, Robert","Temperature, Salinity","Yes, include the reference","Atlantic cod (Gadus morhua), Atlantic herring (Clupea harengus)"
13976798,"05/24/2024 12:27:49","Temperature?adaptive differences between the M4 lactate dehydrogenases of stenothermal and eurythermal sciaenid fishes","Coppes, Zulema L., Somero, George N. ","Gamble, Robert","Temperature","Yes, include the reference","Atlantic croaker (Micropoginias undulatus), Red drum (Sciaenops ocellatus)"
13976791,"05/20/2024 17:12:54","TEMPERATURE TOLERANCES OF 3 SPECIES OF MARINE FISHES","Hoff, J. G., Westman, J. R. ","Caracappa, Joseph","Temperature","Yes, include the reference","Winter flounder (Pseudopleuronectes americanus)"
13976789,"05/20/2024 17:08:06","Temperature tolerance of embryos and larvae of five bivalve species under simulated power plant entrainment conditions: A synthesis","Wright, D. A., Kennedy, V. S., Roosenburg, W. H.  et al.","Caracappa, Joseph","Temperature","Yes, include the reference","Atlantic surf clam (Spisula solidissima)"
13976780,"05/24/2024 12:42:04","Temperature induced variation in oxygen consumption of juvenile and adult stages of the northern shrimp, Pandalus borealis","Daoud, D., Chabot, D., Audet, C.  et al.","Gamble, Robert","Temperature","Yes, include the reference","Northern shrimp (Pandalus borealis)"
13976774,"05/29/2024 15:30:40","Temperature dependency of 5?-nucleotidase and acid phosphatase in muscle microsomes of fish","Yang, S. A., Kawai, H., Endo, K. ","Gamble, Robert","Temperature","Yes, include the reference","Spanish mackerel (Scomberomorus maculatus)"
13976772,"05/29/2024 15:28:38","Temperature constrains locomotion and muscle function in two temperate labrids","Moran, Clinton J., Neubauer, David L., Rzucidlo, Caroline L.  et al.","Caracappa, Joseph","Temperature","Yes, include the reference","Tautog (Tautoga onitis)"
13976771,"05/23/2024 12:30:08","Temperature behavioral responses of the American eel, Anguilla rostrata (Lesueur), from Maryland","Barila, Theresa Y., Stauffer, Jay R. ","Caracappa, Joseph","Temperature","Yes, include the reference","American eel (Anguilla rostrata)"
13976763,"05/17/2024 20:35:26","Temperature and dietary effects on the physiology of two gadids, the Atlantic cod (Gadus morhua) and haddock (Melanogrammus aeglefinus)","Perez-Casanova, J. C. ","Caracappa, Joseph","Temperature","Yes, include the reference","Atlantic cod (Gadus morhua), Atlantic halibut (Hippoglossus hippoglossus)"
13976760,"05/29/2024 15:46:58","Temperature and Ca super(2+)-dependence of the sarcoplasmic reticulum Ca super(2+)-ATPase in haddock, salmon, rainbow trout and zebra cichlid","Godiksen, H., Jessen, F. ","Gamble, Robert","Temperature","Yes, include the reference","Atlantic salmon (Salmo salar), Haddock (Melanogrammus aeglefinus)"
13976754,"05/17/2024 18:36:27","Tambora and the mackerel year: Phenology and fisheries during an extreme climate event","Alexander, Karen E., Leavenworth, William B., Willis, Theodore V.  et al.","Caracappa, Joseph","Temperature","Yes, include the reference","American shad (Alosa sapidissima), Atlantic herring (Clupea harengus), Atlantic mackerel (Scomber scombrus), Alewife (Alosa pseudoharengus)"
13976752,"05/29/2024 17:16:53","A synthesis of water quality and contaminants data for the atlantic menhaden, brevoortia tyrannus: Implications for chesapeake bay","Hall, Lenwood W., Fischer, Steven A., Sullivan, John A. ","Caracappa, Joseph","Temperature","Yes, include the reference","Atlantic menhaden (Brevoortia tyrannus)"
13976750,"05/21/2024 11:32:13","SWIMMING RATE AND RESPONSES OF LARVAE OF 3 MACTRID BIVALVES TO SALINITY DISCONTINUITIES","Mann, R., Campos, B. M., Luckenbach, M. W. ","Gamble, Robert","Salinity","Yes, include the reference","Atlantic surf clam (Spisula solidissima)"
13976745,"05/17/2024 20:23:52","Survival, Growth, and Feed Utilization of Pre? and Postmetamorphic American Shad Exposed to Increasing Salinity","Jia, Yanju, Liu, Qinghua, Goudie, Cheryl A.  et al.","Caracappa, Joseph","Salinity","Yes, include the reference","American shad (Alosa sapidissima)"
13976738,"05/20/2024 14:07:15","Suitability of estuarine nursery zones for juvenile weakfish (Cynoscion regalis): effects of temperature and salinity on feeding, growth and survival","Lankford, T. E., Targett, T. E. ","Caracappa, Joseph","Temperature, Salinity","Yes, include the reference","Weakfish (Cynoscion regalis)"
13976736,"05/17/2024 21:58:05","SUBMERGED CAGE CULTURE OF FISH IN SUPERSATURATED THERMAL EFFLUENT","Chamberlain, George W., Strawn, Kirk ","Gamble, Robert","Temperature","Yes, include the reference","Atlantic croaker (Micropoginias undulatus), Red drum (Sciaenops ocellatus), Spot (Leiostomus xanthurus)"
13976728,"05/17/2024 17:49:48","Stress responses in scallops and hard clams to heat and cold shock","Brun, N. T., Bricelj, V. M., Egbosimba, E. E.  et al.","Caracappa, Joseph","Temperature","Yes, include the reference","Atlantic sea scallop (Placopecten magellanicus)"
13976724,"05/20/2024 14:55:34","Stepwise temperature regulation and its effect on growth, feeding and muscle growth patterns of juvenile Atlantic halibut (Hippoglossus hippoglossus L.)","Larsen, Sondre V., Imsland, Albert K., Lohne, Petter  et al.","Caracappa, Joseph","Temperature","Yes, include the reference","Atlantic halibut (Hippoglossus hippoglossus)"
13976721,"05/28/2024 17:27:58","Stable d13C and d18O isotopes in otoliths of haddock Melanogrammus aeglefinus from the northwest Atlantic Ocean","Begg, Gavin A., Weidman, Christopher R. ","Caracappa, Joseph","Temperature","Yes, include the reference","Haddock (Melanogrammus aeglefinus)"
13976720,"05/28/2024 17:27:31","Stable d super(13)C and d super(18)O isotopes in otoliths of haddock Melanogrammus aeglefinus from the Northwest Atlantic Ocean","Begg, G. A., Weidman, C. R. ","Caracappa, Joseph","Temperature","Yes, include the reference","Haddock (Melanogrammus aeglefinus)"
13976712,"05/17/2024 21:55:29","Species profiles: Life histories and environmental requirements of coastal fishes and invertebrates (Mid-Atlantic). Weakfish","Mercer, L. P. ","Gamble, Robert","Salinity","Yes, include the reference","Weakfish (Cynoscion regalis)"
13976711,"05/17/2024 20:25:08","Spawning, Larviculture, and Salinity Tolerance of Alewives and Blueback Herring in Captivity","DiMaggio, Matthew A., Pine, Harvey J., Kenter, Linas W.  et al.","Caracappa, Joseph","Salinity","Yes, include the reference","Alewife (Alosa pseudoharengus), Blueback herring (Alosa aestivalus)"
13976709,"05/29/2024 13:56:23","Spawning grounds of haddock ( 
<i>Melanogrammus aeglefinus</i>) in the North Sea and West of Scotland","González-Irusta, J. M., Wright, P. J. ","Caracappa, Joseph","Temperature","Yes, include the reference","Haddock (Melanogrammus aeglefinus)"
13976704,"05/24/2024 12:16:34","Spatio-temporal variations in invertebrate?cod?environment relationships on the Newfoundland–Labrador Shelf, 1995?2009","Windle, Matthew J. S., Rose, George A., Devillers, Rodolphe  et al.","Gamble, Robert","Temperature, Salinity","Yes, include the reference","Atlantic cod (Gadus morhua), Northern shrimp (Pandalus borealis)"
13976700,"05/29/2024 12:26:10","Spatial and temporal variation in recent growth, overall growth, and mortality of juvenile weakfish (Cynoscion regalis) in Delaware Bay","Paperno, R., Targett, T. E., Grecay, P. A. ","Caracappa, Joseph","Temperature, Salinity","Yes, include the reference","Weakfish (Cynoscion regalis)"
13976690,"05/21/2024 11:31:57","Size and temperature-dependent variations in intermolt duration and size increment at molt of Northern Shrimp, Pandalus borealis","Daoud, D., Lambert, Y., Audet, C.  et al.","Gamble, Robert","Temperature","Yes, include the reference","Northern shrimp (Pandalus borealis)"
13976678,"05/29/2024 12:04:48","The secondary lamellae of the gills of cold water (high latitude) teleosts. A comparative light and electron microscopic study","Boyd, R. B., DeVries, A. L., Eastman, J. T.  et al.","Caracappa, Joseph","Temperature","Yes, include the reference","Winter flounder (Pseudopleuronectes americanus)"
13976675,"05/28/2024 17:29:56","Seasonal variations in the physiological stress response to discrete bouts of aerial exposure in the little skate, 
<i>Leucoraja erinacea</i>","Cicia, A. M., Schlenker, L. S., Sulikowski, J. A.  et al.","Caracappa, Joseph","Temperature","Yes, include the reference","Little skate (Leucoraja erinaceus)"
13976673,"05/17/2024 20:35:44","Seasonal Use of Estuaries by Winter Flounder in the Southern Gulf of St. Lawrence","Hanson, J. Mark, Courtenay, Simon C. ","Caracappa, Joseph","Temperature","Yes, include the reference","Winter flounder (Pseudopleuronectes americanus)"
13976671,"05/28/2024 17:19:59","Seasonal records and temperature relationships from bivalve shell carbonates using Ca isotope and stable isotope ratio profiles","Hippler, D., Witbaard, R., van Iperen, J. M.  et al.","Caracappa, Joseph","Temperature","Yes, include the reference","Ocean quahog (Arctica islandica)"
13976665,"05/21/2024 11:23:58","Seasonal abundance of atlantic croaker (Micropogonias undulatus) in relation to bottom salinity and temperature in South Carolina estuaries","Miglarese, John V., McMillan, Courtney W., Shealy, M. H. ","Gamble, Robert","Salinity, Temperature","Yes, include the reference","Atlantic croaker (Micropoginias undulatus)"
13976663,"05/17/2024 17:48:49","Sclerochronological evidence of pronounced seasonality from the Pliocene of the&nbsp;southern North Sea Basin, and its implication","Johnson, Andrew, Valentine, Annemarie, Leng, Melanie  et al.","Caracappa, Joseph","Temperature","Yes, include the reference","Ocean quahog (Arctica islandica)"
13976662,"05/17/2024 22:09:56","Scaling Acoustic Telemetry of Bluefish in an Estuarine Observatory: Detection and Habitat Use Patterns","Grothues, Thomas M., Able, Kenneth W. ","Gamble, Robert","Temperature, Salinity","Yes, include the reference","Bluefish (Pomatomus saltatrix)"
13976657,"05/17/2024 20:31:24","Salinity-temperature tolerance of juvenile giant scallops, 
<i>Placopecten magellanicus</i>","Frenette, B., Parsons, G. J. ","Caracappa, Joseph","Temperature","Yes, include the reference","Atlantic sea scallop (Placopecten magellanicus)"
13976656,"05/20/2024 14:13:54","Salinity tolerance, development, and growth in larval summer flounder (Paralichthys dentatus)","Schreiber, A. M., Bengtson, D. A., Specker, J. L. ","Caracappa, Joseph","Salinity","Yes, include the reference","Summer flounder (Paralichthys dentatus)"
13976655,"05/17/2024 21:55:12","Salinity tolerance of young blueback herring, Alosa aestivalis","Chittenden, M. E. ","Gamble, Robert","Salinity","Yes, include the reference","Blueback herring (Alosa aestivalus)"
13976654,"05/20/2024 17:07:35","Salinity tolerance of young American shad. Alosa sapidissima","Chittenden, M. E. ","Caracappa, Joseph","Salinity","Yes, include the reference","American shad (Alosa sapidissima)"
13976649,"05/20/2024 19:48:32","Salinity stresses, metabolic responses and distribution of the coastal spotted seatrout, Cynoscion nebulosus","Wohlschlag, D. E., Wakeman, J. M. ","Caracappa, Joseph","Salinity","Yes, include the reference","Spotted seatrout (Cynoscion nebulosus)"
13976648,"05/21/2024 10:55:57","SALINITY STRESSES, METABOLIC RESPONSES AND DISTRIBUTION OF COASTAL SPOTTED SEATROUT, CYNOSCION-NEBULOSUS","Wohlschlag, D. E., Wakeman, J. M. ","Gamble, Robert","Salinity","Yes, include the reference","Spotted seatrout (Cynoscion nebulosus)"
13976647,"05/21/2024 13:22:19","Salinity stress and swimming performance of spotted seatrout","Wakeman, J. M., Wohlschlag, D. E. ","Gamble, Robert","Salinity","Yes, include the reference","Spotted seatrout (Cynoscion nebulosus)"
13976644,"05/17/2024 18:37:42","Salinity and Temperature Tolerances of Black Sea Bass Juveniles","Atwood, Heidi L., Young, Shawn P., Tomasso, Joseph R.  et al.","Caracappa, Joseph","Temperature, Salinity","Yes, include the reference","Black sea bass (Centropristis striata)"
13976643,"05/24/2024 12:48:18","Salinity and temperature tolerance tests on ocean quahogs, Arctica islandica (L.)","Kraus, M. G., Beal, B. F., McMartin, L. ","Gamble, Robert","Temperature, Salinity","Yes, include the reference","Ocean quahog (Arctica islandica)"
13976642,"05/17/2024 22:10:41","Salinity and temperature tolerance limits for larval spotted seatrout Cynoscion nebulosus C. (Pisces: Sciaenidae)","Alshuth, S., Gilmore, R. G. ","Gamble, Robert","Temperature, Salinity","Yes, include the reference","Spotted seatrout (Cynoscion nebulosus)"
13976638,"05/20/2024 14:42:38","Routine metabolism of juvenile spot, Leiostomus xanthurus (Lacepede), as a function of temperature, salinity and weight","Moser, M. L., Hettler, W. F. ","Gamble, Robert","Salinity, Temperature","Yes, include the reference","Spot (Leiostomus xanthurus)"
13976628,"05/17/2024 21:46:34","Responses of Young American Shad, Alosa sapidissima, to Low Temperatures","Chittenden, Mark E. ","Gamble, Robert","Temperature","Yes, include the reference","American shad (Alosa sapidissima)"
13976623,"05/29/2024 17:15:53","Resilience of cold water aquaculture: a review of likely scenarios as climate changes in the Gulf of Maine","Bricknell, Ian R., Birkel, Sean D., Brawley, Susan H.  et al.","Caracappa, Joseph","Temperature","Yes, include the reference","None"
13976613,"05/20/2024 17:02:22","Relating cold tolerance to winterkill for spotted seatrout at its northern latitudinal limits","Ellis, T. A., Buckel, J. A., Hightower, J. E.  et al.","Caracappa, Joseph","Temperature","Yes, include the reference","Spotted seatrout (Cynoscion nebulosus)"
13976612,"05/20/2024 17:07:09","Regulation of growth in turbot (Scophthalmus maximus Rafinesque) and Atlantic halibut (Hippoglossus hippoglossus L.): aspects of environment x genotype interactions","Imsland, A. K., Jonassen, T. M. ","Caracappa, Joseph","Temperature","Yes, include the reference","Atlantic halibut (Hippoglossus hippoglossus)"
13976611,"05/20/2024 17:00:08","Regional variations in early life stages response to a temperature gradient in the northern shrimp 
<i>Pandalus borealis</i> and vulnerability of the populations to ocean warming","Ouellet, P., Chabot, D., Calosi, P.  et al.","Caracappa, Joseph","Temperature","Yes, include the reference","Northern shrimp (Pandalus borealis)"
13976610,"05/23/2024 12:29:08","Regional thermal analysis approach: A management tool for predicting water temperature metrics relevant for thermal fish habitat","Abidi, O., St-Hilaire, A., Ouarda, Tbmj  et al.","Caracappa, Joseph","Temperature","Yes, include the reference","None"
13976597,"05/29/2024 15:24:01","Recent advances in artificial production of glass eels for conservation of anguillid eel populations","Okamura, Akihiro, Horie, Noriyuki, Mikawa, Naomi  et al.","Caracappa, Joseph","Temperature, Salinity","Yes, include the reference","American eel (Anguilla rostrata)"
13976596,"05/30/2024 12:09:42","Rapid Prediction of Atlantic Mackerel (Scomber scombrus) Composition Using a Hand-Held Ultrasonic Device","Sigfusson, Halldor, Decker, Eric A., McClements, David Julian ","Caracappa, Joseph","Temperature","Yes, include the reference","Atlantic mackerel (Scomber scombrus)"
13976576,"05/17/2024 20:32:36","A preliminary investigation of the effects of ocean climate variations on the spring distribution and abundance of thorny skate (Amblyraja radiata) in NAFO Divisions 3LNO and Subdivision 3Ps","Colbourne, E. B., Kulka, D. W. ","Caracappa, Joseph","Temperature","Yes, include the reference","Thorny skate (Amblyraja radiata)"
13976568,"05/17/2024 22:11:51","A Potentially Commercial Black Sea Bass (Centripristis striata) Recirculating Mariculture System","Ingram, C., Barrett, C., Adams, M.  et al.","Gamble, Robert","Temperature","Yes, include the reference","Black sea bass (Centropristis striata)"
13976560,"05/28/2024 17:33:08","Population Estimates of Spiny Dogfish Aggregations Overwintering South of Cape Hatteras, North Carolina, Using an Area Density Method","Rulifson, R. A., Moore, T. M. ","Caracappa, Joseph","Temperature","Yes, include the reference","Spiny dogfish (Squalus acanthias)"
13976558,"05/28/2024 17:35:12","Population biology of a data poor species, offshore hake (Merluccius albidus) in the northwest Atlantic, United States","Traver, Michele L., Alade, Larry, Sosebee, Katherine A. ","Caracappa, Joseph","Temperature","Yes, include the reference","Offshore hake (Mercluccius albidus )"
13976557,"05/17/2024 17:36:02","Poleward spawning of Atlantic mackerel (Scomber scombrus) is facilitated by ocean warming but triggered by energetic constraints","dos Santos Schmidt, T. C., Slotte, A., Olafsdottir, A. H.  et al.","Caracappa, Joseph","Temperature","Yes, include the reference","Atlantic mackerel (Scomber scombrus)"
13976553,"05/24/2024 11:55:54","Physiological responses to acute warming at the agitation temperature in a temperate shark","Bouyoucos, I. A., Weinrauch, A. M., Jeffries, K. M.  et al.","Caracappa, Joseph","Temperature","Yes, include the reference","Spiny dogfish (Squalus acanthias)"
13976530,"05/28/2024 17:31:37","Oxygen isotope fractionation of otoliths formed across the maximum thermal range for somatic growth of the American eel 
<i>Anguilla rostrata</i>","Holden, C. V., Kyser, T. K., Longstaffe, F. J.  et al.","Caracappa, Joseph","Temperature","Yes, include the reference","American eel (Anguilla rostrata)"
13976526,"05/17/2024 21:47:28","Overwintering survivorship and growth of young-of-the-year black sea bass Centropristis striata","Younes, Adam F., Cerrato, Robert M., Nye, Janet A. ","Gamble, Robert","Temperature, Salinity","Yes, include the reference","Black sea bass (Centropristis striata)"
13976515,"05/21/2024 10:58:42","Optimization of fertilization parameters for rearing surf clams (Spisula solidissima )","Clotteau, G., Dube, F. ","Gamble, Robert","Temperature, Salinity","Yes, include the reference","Atlantic surf clam (Spisula solidissima)"
13976514,"05/17/2024 20:35:59","Optimal temperature of immature halibut (Hippoglossus hippoglossus L.): Effects of size","Bjoernsson, B. ","Caracappa, Joseph","Temperature","Yes, include the reference","Atlantic halibut (Hippoglossus hippoglossus)"
13976510,"05/29/2024 15:35:57","The ontogeny of salinity tolerance in the American shad, Alosa sapidissima","Zydlewski, J., McCormick, S. D. ","Caracappa, Joseph","Salinity","Yes, include the reference","American shad (Alosa sapidissima)"
13976504,"05/17/2024 18:36:08","Ontogenetic Changes in Behavioral and Energetic Responses of Juvenile Atlantic Croaker to an Estuarine Salinity Gradient","Lankford, Thomas E., Targett, Timothy E. ","Caracappa, Joseph","Salinity","Yes, include the reference","Atlantic croaker (Micropoginias undulatus)"
13976503,"05/29/2024 13:00:58","ON TEMPERATURE AND THE BREATHING RHYTHM OF CANIS MUSTELUS AND SQUALUS ACANTHIAS","Navez, A. E. ","Caracappa, Joseph","Temperature","Yes, include the reference","Spiny dogfish (Squalus acanthias)"
13976501,"05/17/2024 21:46:05","Offshore Habitat Preference of Overwintering Juvenile and Adult Black Sea Bass, Centropristis striata, and the Relationship to Year-Class Success: e0147627","Miller, Alicia S., Shepherd, Gary R., Fratantoni, Paula S. ","Gamble, Robert","Temperature, Salinity","Yes, include the reference","Black sea bass (Centropristis striata)"
13976496,"05/29/2024 11:46:42","Occurrence of Spiny Dogfish in the Pacific Waters off the Northern Kuril Islands and Southeastern Kamchatka","Orlov, A. M., Tokranov, A. M. ","Caracappa, Joseph","Temperature","Yes, include the reference","Spiny dogfish (Squalus acanthias)"
13976495,"05/17/2024 22:01:11","Observations on the reactions of young American shad to heated effluent","Marcy, B. C., Jacobson, P. M., Nankee, R. L. ","Gamble, Robert","Temperature","Yes, include the reference","American shad (Alosa sapidissima)"
13976493,"05/17/2024 21:56:49","Observations on the growth of juvenile Atlantic halibut (Hippoglossus hippoglossus L.) in captivity","Haug, Tore, Huse, Ingvar, Kjørsvik, Elin  et al.","Gamble, Robert","Temperature","Yes, include the reference","Atlantic halibut (Hippoglossus hippoglossus)"
13976460,"05/21/2024 11:03:56","Modeling and Mapping to Assess Spatial Distributions and Population Numbers of Fish and Invertebrate Species in the Lower Peace River and Charlotte Harbor, Florida","Rubec, Peter J., Santi, Christi, Ghile, Yonas  et al.","Gamble, Robert","Salinity","Yes, include the reference","Spot (Leiostomus xanthurus), Red drum (Sciaenops ocellatus)"
13976452,"05/20/2024 14:43:31","Metamorphosis in the summer flounder, 
<i>Paralichthys dentatus</i>:: Thyroidal status influences salinity tolerance","Schreiber, A. M., Specker, J. L. ","Gamble, Robert","Salinity","Yes, include the reference","Summer flounder (Paralichthys dentatus)"
13976447,"05/24/2024 12:57:48","Mechanistic links between climate and fisheries along the east coast of the United States: explaining population outbursts of Atlantic croaker (Micropogonias undulatus)","Hare, Jonathan A., Able, Kenneth W. ","Gamble, Robert","Temperature","Yes, include the reference","Atlantic croaker (Micropoginias undulatus)"
13976442,"05/20/2024 14:47:21","Mapping and geostatistical estimate of the biomass of the Northern Shrimp (Pandalus borealis) in the Gulf of St. Lawrence from 1990 to 1993, by size class and by fishing area and the relationship with the demersal temperature","Simard, Y., Benoit, J. ","Caracappa, Joseph","Temperature","Yes, include the reference","Northern shrimp (Pandalus borealis)"
13976441,"05/24/2024 12:51:12","Management of wolffish broodstock","Tveiten, H. ","Gamble, Robert","Temperature","Yes, include the reference","Atlantic wolffish (Anarhichas lupus)"
13976438,"05/17/2024 20:29:03","Low?Temperature Tolerance of Juvenile Spotted Seatrout in South Carolina","Anweiler, Katie V., Arnott, Stephen A., Denson, Michael R. ","Caracappa, Joseph","Temperature","Yes, include the reference","Spotted seatrout (Cynoscion nebulosus)"
13976437,"05/17/2024 21:45:50","Low?Temperature Tolerance of American Plaice in Relation to Declines in Abundance","Morgan, M. Joanne ","Gamble, Robert","Temperature","Yes, include the reference","American plaice (Hippoglossoides platessoides)"
13976436,"05/17/2024 21:56:36","Low-temperature tolerance of age-0 Atlantic croakers : recruitment implications for U.S. mid-Atlantic estuaries","Lankford, Thomas E., Targett, Timothy E. ","Gamble, Robert","Temperature","Yes, include the reference","Atlantic croaker (Micropoginias undulatus)"
13976435,"05/17/2024 20:36:10","Low temperature tolerance of Atlantic halibut, Hippoglossus hippoglossus , at ambient ocean temperatures in Newfoundland","Goff, G. P., Methven, D. A., Brown, J. A. ","Caracappa, Joseph","Temperature","Yes, include the reference","Atlantic halibut (Hippoglossus hippoglossus)"
13976429,"05/17/2024 17:51:16","Long-term dynamics in Atlantic surfclam (Spisula solidissima) populations: The role of bottom water temperature","Narvaez, Diego A., Munroe, Daphne M., Hofmann, Eileen E.  et al.","Caracappa, Joseph","Temperature","Yes, include the reference","Atlantic surf clam (Spisula solidissima)"
13976425,"05/29/2024 12:15:53","Linking juvenile fish and their habitats: An example from Narragansett Bay, Rhode Island","Meng, Lesa, Christopher Powell, J. ","Caracappa, Joseph","Temperature, Salinity","Yes, include the reference","None"
13976423,"05/17/2024 20:22:33","Limiting and Optimal Temperatures for the Northern Atlantic Population of Black Sea Bass","Sullivan, Mario L., Tomasso, Joseph R. ","Caracappa, Joseph","Temperature","Yes, include the reference","Black sea bass (Centropristis striata)"
13976421,"05/17/2024 21:50:37","Lethal and Preferred Temperatures of the Alewife (Alosa pseudoharengus) in Lake Michigan","Otto, Robert G., Kitchel, Max A., Rice, John O?Hara ","Gamble, Robert","Temperature","Yes, include the reference","Alewife (Alosa pseudoharengus)"
13976420,"05/28/2024 17:15:08","Length and sex?specific associations between spiny dogfish (Squalus acanthias) and hydrographic variables in the Bay of Fundy and Scotian Shelf","Shepherd, Travis, Page, Fred, Macdonald, Bruce ","Caracappa, Joseph","Temperature, Salinity","Yes, include the reference","Spiny dogfish (Squalus acanthias)"
13976419,"05/21/2024 11:34:49","Larval and Early Post-Larval Development of Arctica Islandica","Lutz, Richard A., Mann, R., Goodsell, J. G.  et al.","Gamble, Robert","Temperature","Yes, include the reference","Ocean quahog (Arctica islandica)"
13976415,"05/21/2024 13:14:24","The lack of genetic variation underlying thermal transcriptomic plasticity suggests limited adaptability of the Northern shrimp, Pandalus borealis","Leung, Christelle, Guscelli, Ella, Chabot, Denis  et al.","Gamble, Robert","Temperature","Yes, include the reference","Northern shrimp (Pandalus borealis)"
13976402,"05/20/2024 17:05:08","Interactive roles of temperature and food availability in predicting habitat suitability for marine invertebrates","Czaja Jr, R., Beal, B., Pepperman, K.  et al.","Caracappa, Joseph","Temperature","Yes, include the reference","Atlantic surf clam (Spisula solidissima)"
13976396,"05/29/2024 13:58:09","Influences of low temperature stress on antioxidant status and expression of stress-related genes of American shad, Alosa sapidissima","Zhang, Dekang ","Caracappa, Joseph","Temperature","Yes, include the reference","American shad (Alosa sapidissima)"
13976394,"05/20/2024 14:55:14","The influence of temperature stress on the physiology of the Atlantic surfclam, 
<i>Spisula solidissima</i>","Hornstein, J., Espinosa, E. P., Cerrato, R. M.  et al.","Caracappa, Joseph","Temperature","Yes, include the reference","Atlantic surf clam (Spisula solidissima)"
13976391,"05/29/2024 12:15:09","Influence of temperature on the immune response of juvenile summer flounder, Paralichthysdentatus, and its role in the elimination of Trypanoplasmabullocki infections","Sypek, Joseph P., Burreson, Eugene M. ","Caracappa, Joseph","Temperature","Yes, include the reference","Summer flounder (Paralichthys dentatus)"
13976387,"05/20/2024 17:06:12","Influence of temperature on energy utilization of embryonic and prolarval tautog, Tautoga onitis","Laurence, G. C. ","Caracappa, Joseph","Temperature","Yes, include the reference","Tautog (Tautoga onitis)"
13976383,"05/20/2024 17:02:35","The influence of salinity on the morphological development of yolk sac larvae of Atlantic halibut Hippoglossus hippoglossus (L.)","Bolla, S., Ottesen, O. H. ","Caracappa, Joseph","Salinity","Yes, include the reference","Atlantic halibut (Hippoglossus hippoglossus)"
13976376,"05/24/2024 12:55:49","Influence of environmental, spatial, and ontogenetic variables on habitat selection and management of spiny dogfish in the Northeast (US) shelf large marine ecosystem","Sagarese, Skyler R., Frisk, Michael G., Miller, Thomas J.  et al.","Gamble, Robert","Temperature","Yes, include the reference","Spiny dogfish (Squalus acanthias)"
13976374,"05/29/2024 12:26:57","Influence of dietary nutrients on low temperature tolerance of freshwater alewives","Snyder, Randal J., Murray, Eric K. ","Caracappa, Joseph","Temperature","Yes, include the reference","Alewife (Alosa pseudoharengus)"
13976373,"05/29/2024 15:34:26","Induction of winter flounder antifreeze protein messenger RNA at 4 degree C in vivo and in vitro","Price, J. L., Gourlie, B. B., Lin, Y.  et al.","Caracappa, Joseph","Temperature","Yes, include the reference","Winter flounder (Pseudopleuronectes americanus)"
13976370,"05/21/2024 13:20:55","An individual-based growth and transport model of the early life-history stages of mackerel (Scomber scombrus) in the eastern North Atlantic","Bartsch, J., Coombs, S. H. ","Gamble, Robert","Temperature","Yes, include the reference","Atlantic mackerel (Scomber scombrus)"
13976362,"05/28/2024 17:15:50","In vitro thermal characteristics of K super(+) and Na super(+) induced melanophore responses in a cold ocean teleost, Pseudopleuronectes americanus)","Burton, D., Everard, B. A. ","Caracappa, Joseph","Temperature","Yes, include the reference","Winter flounder (Pseudopleuronectes americanus)"
13976353,"05/29/2024 15:29:48","Impacts of thermal acclimatization on fish skeletal muscle","Moran, C. J., Coughlin, D. J., Jebb, K. E.  et al.","Caracappa, Joseph","Temperature","Yes, include the reference","Tautog (Tautoga onitis)"
13976349,"05/20/2024 11:36:14","Impact of temperature and growth hormone on growth physiology of juvenile Atlantic wolffish ( 
<i>Anarhichas lupus</i>)","Arnason, T., Gunnarsson, A., Steinarsson, A.  et al.","Gamble, Robert","Temperature","Yes, include the reference","Atlantic wolffish (Anarhichas lupus)"
13976342,"05/28/2024 17:18:28","The impact of environmental variability on Atlantic mackerel Scomber scombrus larval abundance to the west of the British Isles","Pitois, Sophie G., Jansen, Teunis, Pinnegar, John ","Caracappa, Joseph","Temperature, Salinity","Yes, include the reference","Atlantic mackerel (Scomber scombrus)"
13976340,"05/29/2024 15:46:21","Impact of an acute temperature change on performance and metabolism of pickerel (Esox niger) and Eel (Anguilla rostrata) hearts","Bailey, John R., Sephton, Dawn H., Driedzic, William R. ","Gamble, Robert","Temperature","Yes, include the reference","American eel (Anguilla rostrata)"
13976327,"05/24/2024 11:59:05","How and how not to investigate the oxygen and capacity limitation of thermal tolerance (OCLTT) and aerobic scope—remarks on the article by Gräns et al","Pörtner, Hans-Otto ","Caracappa, Joseph","Temperature","Yes, include the reference","Atlantic halibut (Hippoglossus hippoglossus)"
13976324,"05/29/2024 17:44:24","High-temperature stress response: Insights into the molecular regulation of American shad 
<i> (Alosa</i> 
<i> sapidissima)</i> using a multi-omics approach","Luo, M. K., Zhu, W. B., Liang, Z. Y.  et al.","Caracappa, Joseph","Temperature","Yes, include the reference","American shad (Alosa sapidissima)"
13976318,"05/24/2024 11:58:28","High antifreeze protein levels in wolffish (Anarhichas lupus) make them an ideal candidate for culture in cold, potentially ice laden waters","Desjardins, Mariève, François, Nathalie R. Le, Fletcher, Garth L.  et al.","Caracappa, Joseph","Temperature","Yes, include the reference","Atlantic wolffish (Anarhichas lupus)"
13976314,"05/17/2024 20:36:38","Heat shock protein responses in thermally stressed bay scallops, 
<i>Argopecten irradians</i>, and sea scallops, 
<i>Placopecten magellanicus</i>","Brun, N. T., Bricelj, V. M., MacRae, T. H.  et al.","Caracappa, Joseph","Temperature","Yes, include the reference","Atlantic sea scallop (Placopecten magellanicus)"
13976310,"05/30/2024 11:44:41","Hatchery methods and natural, hormone-implant-induced, and synchronized spawning of captive Atlantic croaker ( 
<i>Micropogonias undulatus</i>) Linnaeus 1766","Sink, T. D., Strange, R. J., Lochmann, R. T. ","Caracappa, Joseph","Temperature, Salinity","Yes, include the reference","Atlantic croaker (Micropoginias undulatus)"
13976298,"05/17/2024 22:00:23","Growth rates of juvenile winter flounder under varying environmental conditions","Meise, C. J., Johnson, D. L., Stehlik, L. L.  et al.","Gamble, Robert","Temperature, Salinity","Yes, include the reference","Winter flounder (Pseudopleuronectes americanus)"
13976295,"05/21/2024 13:24:38","Growth of juveniles of White Sea common wolffish, Anarhichas lupus L., in captivity","Pavlov, Dimitri A. ","Gamble, Robert","Temperature","Yes, include the reference","Atlantic wolffish (Anarhichas lupus)"
13976294,"05/20/2024 17:02:12","Growth of juvenile halibut, Hippoglossus hippoglossus (L.), under a constant and switched temperature regime","Aune, A., Imsland, A. K., Pittman, K. ","Caracappa, Joseph","Temperature","Yes, include the reference","Atlantic halibut (Hippoglossus hippoglossus)"
13976290,"05/29/2024 12:23:57","Growth and temperature-induced mortality of young-of-the-year summer flounder (Paralichthys dentatus ) in southern New Jersey","Szedlmayer, S. T., Able, K. W., Rountree, R. A. ","Caracappa, Joseph","Temperature","Yes, include the reference","Summer flounder (Paralichthys dentatus)"
13976288,"05/29/2024 12:03:35","Growth and nutrient uptake by Palmaria palmata integrated with Atlantic halibut in a land-based aquaculture system","Corey, Peter, Kim, Jang K., Duston, Jim  et al.","Caracappa, Joseph","Temperature","Yes, include the reference","Atlantic halibut (Hippoglossus hippoglossus)"
13976283,"05/29/2024 17:16:38","Geographical expansion of Northeast Atlantic mackerel (Scomber scombrus) in the Nordic Seas from 2007 to 2016 was primarily driven by stock size and constrained by low temperatures","Olafsdottir, Anna H., Utne, Kjell Rong, Jacobsen, Jan Arge  et al.","Caracappa, Joseph","Temperature","Yes, include the reference","Atlantic mackerel (Scomber scombrus)"
13976272,"05/20/2024 14:54:40","Future of the Sea: Biological Responses to Ocean Warming","","Caracappa, Joseph","Temperature","Yes, include the reference","Atlantic cod (Gadus morhua), Atlantic salmon (Salmo salar)"
13976264,"05/21/2024 11:28:49","Fluctuations in two osmoregulatory components, urea and sodium chloride, of the clearnose skate, Raja eglanteria bosc 1802—I. Upon laboratory modification of external salinities","Price, Kent S., Creaser, Edwin P. ","Gamble, Robert","Salinity","Yes, include the reference","Clearnose skate (Rostroraja eglanteria)"
13976263,"05/21/2024 11:15:08","Fluctuations in two osmoregulatory components, urea and sodium chloride, of the clearnose skate, Rafa eglanteria bosc 1802—II. Upon natural variation of the salinity of the external medium","Price, Kent S. ","Gamble, Robert","Temperature, Salinity","Yes, include the reference","Clearnose skate (Rostroraja eglanteria)"
13976260,"05/29/2024 15:34:39","Fishing from space : mackerel fishing in Icelandic waters and correlation with satellite variables","Agustsdottir, Kristin ","Caracappa, Joseph","Temperature","Yes, include the reference","Atlantic mackerel (Scomber scombrus)"
13976259,"05/21/2024 13:11:34","Fishery Management Complexes: An Impediment or Aid to Sustainable Harvest? A Discussion Based on the Northeast Skate Complex","Hogan, Fiona, Cadrin, Steve, Haygood, Alyssa ","Gamble, Robert","Temperature","Yes, include the reference","Barndoor skate (Dipturus laevis), Clearnose skate (Rostroraja eglanteria), Little skate (Leucoraja erinaceus), Rosette skate (Leucoraja garmani), Winter skate (Leucoraja ocellata), Thorny skate (Amblyraja radiata), Smooth skate (Malacoraja senta)"
13976249,"05/20/2024 14:55:24","Feeding, growth and survival of juvenile summer flounder Paralichthys dentatus : Experimental analysis of the effects of temperature und salinity","Malloy, K. D., Targett, T. E. ","Caracappa, Joseph","Temperature, Salinity","Yes, include the reference","Summer flounder (Paralichthys dentatus)"
13976244,"05/29/2024 12:24:20","Factors Relating to the Reproductive Biology of Georges Bank Haddock (Melanogrammus aeglefinus) in 1977-83","Overholtz, W. J. ","Caracappa, Joseph","Temperature","Yes, include the reference","Haddock (Melanogrammus aeglefinus)"
13976238,"05/17/2024 18:40:26","Exploring the Feasibility of Selectively Breeding Farmed Atlantic Surfclams Spisula solidissima for Greater Heat Tolerance","Acquafredda, Michael P., Guo, Ximing, Munroe, Daphne M. ","Caracappa, Joseph","Temperature","Yes, include the reference","Atlantic surf clam (Spisula solidissima)"
13976235,"05/21/2024 13:15:42","EXPERIMENTAL CULTURE OF THE OCEAN QUAHOG, Arctica islandica","Lutz, Richard A., Goodsell, Joy G., Mann, Roger  et al.","Gamble, Robert","Temperature","Yes, include the reference","Ocean quahog (Arctica islandica)"
13976229,"05/29/2024 15:33:58","Evidence that translational control mechanisms operate to optimize antifreeze protein production in the winter flounder","Pickett, M. H., White, B. N., Davies, P. L. ","Caracappa, Joseph","Temperature","Yes, include the reference","Winter flounder (Pseudopleuronectes americanus)"
13976225,"05/17/2024 18:33:45","Evaluation of salt-incorporated diets on growth, body composition and plasma electrolytes of black sea bass 
<i>Centropristis striata</i> reared in a semi-pilot scale low salinity recirculating aquaculture system","Alam, M. S., Watanabe, W. O., Carroll, P. M. ","Caracappa, Joseph","Salinity","Yes, include the reference","Black sea bass (Centropristis striata)"
13976222,"05/17/2024 22:12:07","ESTUARINE SALINITY STRESS ON SPOTTED SEATROUT","Wohlschlag, D. E. ","Gamble, Robert","Salinity, Temperature","Yes, include the reference","Spotted seatrout (Cynoscion nebulosus)"
13976213,"05/17/2024 20:32:20","Environmental factors influencing the growth and survival of juvenile sea scallops, Placopecten magellanicus (Gmelin, 1791)","Frenette, Bruno ","Caracappa, Joseph","Temperature, Salinity","Yes, include the reference","Atlantic sea scallop (Placopecten magellanicus)"
13976210,"05/29/2024 17:41:43","Environmental controls on the boron and strontium isotopic composition of aragonite shell material of cultured Arctica islandica","Liu, Y. W., Aciego, S. M., Wanamaker, A. D. ","Caracappa, Joseph","Temperature","Yes, include the reference","Ocean quahog (Arctica islandica)"
13976202,"05/29/2024 12:13:46","Embryonic Development of the Squid,Illex illecebrosus, and Effect of Temperature on Development Rates","O'Dor, R. K., Balch, N., Foy, E. A.  et al.","Caracappa, Joseph","Temperature","Yes, include the reference","Illex shortfin squid (Illex illecebrosus)"
13976201,"05/20/2024 17:03:50","Embryology and Influence of Temperature and Salinity on Early Development and Survival of Yellowtail Flounder Limanda ferruginea","Laurence, G. C., Howell, W. H. ","Caracappa, Joseph","Temperature, Salinity","Yes, include the reference","Yellowtail flounder (Myzopetta ferruginea)"
13976198,"05/29/2024 12:26:43","EGGS AND LARVAE OF SCOMBER-SCOMBRUS AND SCOMBER-JAPONICUS IN CONTINENTAL-SHELF WATERS BETWEEN MASSACHUSETTS AND FLORIDA","Berrien, P. L. ","Caracappa, Joseph","Temperature","Yes, include the reference","Atlantic mackerel (Scomber scombrus)"
13976197,"05/29/2024 12:59:56","Efforts to understand stock structure of summer flounder (Paralichthys dentatus) in North Carolina, USA","Burke, J. S., Yokoyama, S. ","Caracappa, Joseph","Salinity","Yes, include the reference","Summer flounder (Paralichthys dentatus)"
13976195,"05/17/2024 15:47:40","Effects of warming and fishing on Atlantic sea scallop ( 
<i>Placopecten magellanicus</i>) size structure in the Mid-Atlantic rotationally closed areas","Zang, Z., Ji, R., Hart, D. R.  et al.","Gamble, Robert","Temperature","Yes, include the reference","Atlantic sea scallop (Placopecten magellanicus)"
13976190,"05/28/2024 17:21:28","Effects of thermal effluent upon marine fishes near the Crystal River steam electric station","Grimes, C. B., Mountain, J. A. ","Caracappa, Joseph","Temperature, Salinity","Yes, include the reference","Spot (Leiostomus xanthurus)"
13976186,"05/20/2024 17:00:19","Effects of temperature on yolk sac larvae of Atlantic halibut (Hippoglossus hippoglossus L.)","Lein, Ingrid, Holmefjord, Ivar, Rye, Morten ","Caracappa, Joseph","Temperature","Yes, include the reference","Atlantic halibut (Hippoglossus hippoglossus)"
13976182,"05/17/2024 21:51:39","Effects of Temperature on Electrolyte Balance and Osmoregulation in the Alewife (Alosa pseudoharengus) in Fresh and Sea Water","Stanley, Jon G., Colby, Peter J. ","Gamble, Robert","Temperature, Salinity","Yes, include the reference","Alewife (Alosa pseudoharengus)"
13976181,"05/24/2024 12:57:09","Effects of temperature on development and mortality of Atlantic mackerel fish eggs","Mendiola, D., Alvarez, Paula, Cotano, Unai  et al.","Gamble, Robert","Temperature","Yes, include the reference","Atlantic mackerel (Scomber scombrus)"
13976179,"05/20/2024 11:34:42","Effects of Temperature on Age?0 Atlantic Menhaden Growth in Chesapeake Bay","Humphrey, Jennifer, Wilberg, Michael J., Houde, Edward D.  et al.","Gamble, Robert","Temperature","Yes, include the reference","Atlantic menhaden (Brevoortia tyrannus)"
13976178,"05/20/2024 17:04:48","Effects of temperature and salinity on the survival of winter flounder embryos","Rogers, C. A. ","Caracappa, Joseph","Temperature, Salinity","Yes, include the reference","Winter flounder (Pseudopleuronectes americanus)"
13976176,"05/17/2024 18:38:53","Effects of Temperature and Salinity on Growth of Juvenile Black Sea Bass, with Implications for Aquaculture","Cotton, Charles F., Walker, Randal L., Recicar, Todd C. ","Caracappa, Joseph","Temperature, Salinity","Yes, include the reference","Black sea bass (Centropristis striata)"
13976174,"05/21/2024 10:53:40","Effects of temperature and salinity on egg hatching and larval survival of red drum, Sciaenops ocellata","Holt, J., Godbout, R., Arnold, C. R. ","Gamble, Robert","Temperature, Salinity","Yes, include the reference","Red hake (Urophycis chuss)"
13976173,"05/17/2024 20:32:56","The Effects of Temperature and Salinity on Early Life Stages of Black Sea Bass Centropristis striata","Berlinsky, David L., Taylor, Janalyn C., Howell, Rachel A.  et al.","Caracappa, Joseph","Temperature, Salinity","Yes, include the reference","Black sea bass (Centropristis striata)"
13976165,"05/17/2024 20:23:15","Effects of size on optimal temperature for growth and growth efficiency of immature Atlantic halibut (Hippoglossus hippoglossus L.)","Bjornsson, B., Tryggvadottir, S. V. ","Caracappa, Joseph","Temperature","Yes, include the reference","Atlantic halibut (Hippoglossus hippoglossus)"
13976163,"05/20/2024 14:56:54","Effects of salinity on yolk sac larvae of Atlantic halibut (Hippoglossus hippoglossus L.)","Lein, Ingrid, Tveite, Sjur, Gjerde, Bjarne  et al.","Gamble, Robert","Salinity","Yes, include the reference","Atlantic halibut (Hippoglossus hippoglossus)"
13976159,"05/20/2024 14:55:19","Effects of salinity on eggs and yolk-sac larvae of Atlantic cod, Atlantic halibut, haddock and winter flounder","Powell, Frank ","Gamble, Robert","Salinity","Yes, include the reference","Atlantic cod (Gadus morhua), Atlantic halibut (Hippoglossus hippoglossus), Haddock (Melanogrammus aeglefinus), Winter flounder (Pseudopleuronectes americanus)"
13976158,"05/20/2024 19:46:12","Effects of salinity fluctuation on routine metabolism of juvenile spot, Leiostomus xanthums","Moser, M. L., Miller, J. M. ","Caracappa, Joseph","Salinity","Yes, include the reference","Spot (Leiostomus xanthurus)"
13976156,"05/17/2024 21:56:20","EFFECTS OF SALINITY AND TEMPERATURE ON SURVIVAL AND DEVELOPMENT OF LARVAL ATLANTIC MENHADEN BREVOORTIA TYRANNUS","Lewis, R. M. ","Gamble, Robert","Salinity, Temperature","Yes, include the reference","Atlantic menhaden (Brevoortia tyrannus)"
13976155,"05/17/2024 21:44:46","Effects of Ration Limitation and Low Temperature on Growth, Biochemical Condition, and Survival of Juvenile Summer Flounder from Two Atlantic Coast Nurseries","Malloy, Kirk D., Targett, Timothy E. ","Gamble, Robert","Temperature","Yes, include the reference","Summer flounder (Paralichthys dentatus)"
13976154,"05/20/2024 17:01:13","Effects of prey density and temperature on survival, growth, and behaviour of newly hatched striped wolffish (Anarhichas lupus)","Wiseman, Dena L. ","Caracappa, Joseph","Temperature","Yes, include the reference","Atlantic wolffish (Anarhichas lupus)"
13976144,"05/28/2024 17:14:21","Effects of inter-habitat migration on the evaluation of growth rate and habitat residence of American eels Anguilla rostrata","Jessop, B. M., Shiao, J. C., Iizuka, Y.  et al.","Caracappa, Joseph","Temperature, Salinity","Yes, include the reference","American eel (Anguilla rostrata)"
13976141,"05/30/2024 11:52:22","Effects of Heat?Stable Alakaline Protease Activity of Atlantic Menhaden (Brevootii tyrannus) on Surimi Gels","Boye, Sam W., Lanier, Tyre C. ","Caracappa, Joseph","Temperature","Yes, include the reference","Atlantic menhaden (Brevoortia tyrannus)"
13976138,"05/20/2024 14:59:26","The effects of feeding rates on the dynamics of growth of black drum and spot cage cultured in a heated water lake","Jones, F. V., Strawn, K. ","Gamble, Robert","Temperature","Yes, include the reference","Spot (Leiostomus xanthurus)"
13976137,"05/17/2024 20:31:59","Effects of feeding frequency of live prey on larval growth, survival, resistance to hyposalinity stress, Na 
<sup>+</sup>/K 
<sup>+</sup> ATPase activity, and fatty acid profiles in black sea bass 
<i>Centropristis striata</i>","Russo, D. J., Watanabe, W. O., Kinsey, S. T.  et al.","Caracappa, Joseph","Salinity","Yes, include the reference","Black sea bass (Centropristis striata)"
13976136,"05/21/2024 11:18:15","Effects of exposure to time-excess temperature histories typically experienced at power plants on the hatching success of fish eggs","Schubel, J. R. ","Gamble, Robert","Temperature","Yes, include the reference","Alewife (Alosa pseudoharengus), American shad (Alosa sapidissima), Striped bass (Morone saxatilis)"
13976133,"05/20/2024 17:08:23","The effects of elevated salinity on river herring embryo and larval survival","DiMaggio, M. A., Breton, T. S., Kenter, L. W.  et al.","Caracappa, Joseph","Salinity","Yes, include the reference","Alewife (Alosa pseudoharengus), Blueback herring (Alosa aestivalus)"
13976132,"05/29/2024 12:13:25","Effects of elevated pCO 
<sub>2</sub> and temperature on the calcification rate, survival, extrapallial fluid chemistry, and respiration of the Atlantic Sea scallop 
<i>Placopecten magellanicus</i>","Cameron, Louise P., Grabowski, Jonathan H., Ries, Justin B. ","Caracappa, Joseph","Temperature","Yes, include the reference","Atlantic sea scallop (Placopecten magellanicus)"
13976131,"05/20/2024 17:02:58","Effects of Different Salinities on Growth, Body Composition, Oxygen Consumption Rate, and Ammonia Excretion Rate in American shad (Alosa sapidissima) Juveniles","Deng, P., Xu, J., Shi, Y.  et al.","Caracappa, Joseph","Salinity","Yes, include the reference","American shad (Alosa sapidissima)"
13976130,"05/20/2024 14:54:13","Effects of different salinities on growth performance, survival, digestive enzyme activity, immune response, and muscle fatty acid composition in juvenile American shad (Alosa sapidissima)","Liu, Zhi-feng, Gao, Xiao-qiang, Yu, Jiu-xiang  et al.","Caracappa, Joseph","Salinity","Yes, include the reference","American shad (Alosa sapidissima)"
13976125,"05/28/2024 17:13:23","Effects of Brayton Point Station's Thermal Discharge on Mount Hope Bay Winter Flounder","O'Neill, Robert J., Englert, Thomas L., Ko, Jee K. ","Caracappa, Joseph","Temperature","Yes, include the reference","Winter flounder (Pseudopleuronectes americanus)"
13976121,"05/20/2024 14:44:13","The effects of acute changes in temperature and oxygen availability on cardiac performance in winter flounder (Pseudopleuronectes americanus)","Mendonça, Paula C., Gamperl, A. Kurt ","Gamble, Robert","Temperature","Yes, include the reference","Winter flounder (Pseudopleuronectes americanus)"
13976110,"05/17/2024 22:06:18","The Effect of Temperature on the Respiratory Movements and Viability of a Cold?Water Prawn, Pandalus borealis","Abercrombie, M. ","Gamble, Robert","Temperature","Yes, include the reference","Northern shrimp (Pandalus borealis)"
13976106,"05/20/2024 17:01:53","The Effect of Temperature on First Feeding, Growth, and Survival of Larval Witch Flounder Glyptocephalus cynoglossus","Bidwell, Deborah A., Howell, W. Huntting ","Caracappa, Joseph","Temperature","Yes, include the reference","Witch flounder (Glyptocephalus cynoglossus)"
13976102,"05/24/2024 11:30:21","Effect of Temperature and Hypersalinity on Hatching Success of Spotted Seatrout Eggs","Gray, Joseph D., King, Timothy L., Colura, Robert L. ","Caracappa, Joseph","Temperature, Salinity","Yes, include the reference","Spotted seatrout (Cynoscion nebulosus)"
13976093,"05/21/2024 11:23:01","The effect of parental acclimation to spawning salinity on the survival of larval Cynoscion nebulosus","Kucera, C. J., Faulk, C. K., Holt, G. J. ","Gamble, Robert","Salinity","Yes, include the reference","Spotted seatrout (Cynoscion nebulosus)"
13976090,"05/17/2024 21:51:18","The effect of ocean warming on black sea bass ( 
<i>Centropristis striata</i>) aerobic scope and hypoxia tolerance","Slesinger, E., Andres, A., Young, R.  et al.","Gamble, Robert","Temperature","Yes, include the reference","Black sea bass (Centropristis striata)"
13976082,"05/21/2024 11:19:28","The effect of environmental temperature on the immune response of a marine teleost (Paralichthysdentatus)","Stolen, J. S., Gahn, T., Kasper, V.  et al.","Gamble, Robert","Temperature","Yes, include the reference","Summer flounder (Paralichthys dentatus)"
13976080,"05/29/2024 12:01:24","The effect of changes in temperature and food on the development of Calanus finmarchicus and Calanus helgolandicus populations","Møller, Eva Friis, Maar, Marie, Jonasdottir, Sigrun  et al.","Caracappa, Joseph","Temperature","Yes, include the reference","None"
13976071,"05/29/2024 12:02:14","Ecophys.Fish: A simulation model of fish growth in time-varying environmental regimes","Neill, William H., Brandes, TScott, Burke, Brian J.  et al.","Caracappa, Joseph","Temperature","Yes, include the reference","None"
13976069,"05/29/2024 11:45:34","Ecological changes associated with the industrialization of Cedar Bayou and Trinity Bay, Texas","","Caracappa, Joseph","Temperature","Yes, include the reference","Atlantic menhaden (Brevoortia tyrannus), Atlantic croaker (Micropoginias undulatus)"
13976058,"05/24/2024 12:20:07","Distribution, relative abundance, and habitat use of American eel 
<i>Anguilla rostrata</i> in the Virginia portion of the Chesapeake Bay","Geer, P. J. ","Gamble, Robert","Temperature, Salinity","Yes, include the reference","American eel (Anguilla rostrata)"
13976055,"05/20/2024 14:12:14","Distribution of silver hake, water temperature and zooplankton on the Scotian Shelf in May-July 1993","Sigaev, I. K. ","Caracappa, Joseph","Temperature","Yes, include the reference","Silver hake (Merluccius bilinearis)"
13976051,"05/29/2024 12:12:50","DISTRIBUTION AND LIFE-HISTORY OF WINDOWPANE, SCOPHTHALMUS-AQUOSUS, OFF THE NORTHEASTERN UNITED-STATES","Morse, W. W., Able, K. W. ","Caracappa, Joseph","Temperature","Yes, include the reference","Windowpane (Scophthalmus aquosus)"
13976050,"05/29/2024 13:59:38","Distribution and environmental relationships of three species of wolffish (Anarhichas spp.) in the Gulf of St. Lawrence","Dutil, J. ?D, Proulx, S., Chouinard, P. ?M  et al.","Caracappa, Joseph","Temperature, Salinity","Yes, include the reference","Atlantic wolffish (Anarhichas lupus)"
13976049,"05/23/2024 13:55:51","The distribution and abundance of northern shrimp (Pandalus borealis) in relation to bottom temperatures in NAFO Divisions 3LNO based on multi-species surveys from 1995-2006","Colbourne, E. B., Orr, D. C. ","Caracappa, Joseph","Temperature","Yes, include the reference","Northern shrimp (Pandalus borealis)"
13976048,"05/17/2024 17:51:24","The distribution and abundance of northern shrimp (Pandalus borealis) in relation to bottom temperatures in NAFO Divisions 3LNO based on multi-species surveys from 1995-2005","","Caracappa, Joseph","Temperature","Yes, include the reference","Northern shrimp (Pandalus borealis)"
13976047,"05/17/2024 20:29:55","The distribution and abundance of northern shrimp (Pandalus borealis) in relation to bottom temperatures in NAFO Divisions 3LNO based on multi-species surveys from 1995-2004","Colbourne, E. B., Orr, D. C. ","Caracappa, Joseph","Temperature","Yes, include the reference","Northern shrimp (Pandalus borealis)"
13976046,"05/17/2024 17:47:40","The distribution and abundance of northern shrimp (Pandalus borealis) in relation to bottom temperatures in NAFO Divisions 3LNO based on multi-species surveys from 1995-2003","Colbourne, E. B., Orr, D. C. ","Caracappa, Joseph","Temperature","Yes, include the reference","Northern shrimp (Pandalus borealis)"
13976034,"05/20/2024 17:11:29","Differences between Atlantic halibut (Hippoglossus hippoglossus L.) and turbot (Scophthalmus maximus L.) in tolerance to acute low temperature exposure","Staurnes, M. ","Caracappa, Joseph","Temperature","Yes, include the reference","Atlantic halibut (Hippoglossus hippoglossus)"
13976025,"05/24/2024 12:55:13","Development of eggs and yolk sac larvae of halibut (Hippoglossus hippoglossus L.)","Pittman, Karin, Bergh, Ø, Opstad, Ingegjerdi  et al.","Gamble, Robert","Temperature","Yes, include the reference","Atlantic halibut (Hippoglossus hippoglossus)"
13976017,"05/17/2024 15:49:08","Determining Discard Mortality of Monkfish in a Sea Scallop Dredge Fishery","Weissman, Amelia M., Knotek, Ryan, Mandelman, John W.  et al.","Gamble, Robert","Temperature","Yes, include the reference","Goosefish (Lophius americanus)"
13976000,"05/24/2024 11:56:05","Critical Thermal Maximum of Juvenile Spotted Seatrout (Cynoscion nebulosus) Reared for Summer Stocking in Texas","McDonald, Dusty L., Cason, Paul D., Bumguardner, Britt W.  et al.","Caracappa, Joseph","Temperature","Yes, include the reference","Spotted seatrout (Cynoscion nebulosus)"
13975999,"05/21/2024 11:01:04","The critical thermal maximum of juvenile spot Leiostomus xanthurus Lacepede / by David W. Bridges, Department of Zoology, North Carolina State University, Raleigh, North Carolina","Water Resources Research Institute of the University of North, Carolina, Bridges, David W. ","Gamble, Robert","Temperature","Yes, include the reference","Spot (Leiostomus xanthurus)"
13975997,"05/21/2024 11:17:13","CRITICAL THERMAL MAXIMA OF 2 SPECIES OF ESTUARINE FISH","Everich, D., Gonzalez, J. G. ","Gamble, Robert","Temperature","Yes, include the reference","Scup (Stenotomus chrysops), Winter flounder (Pseudopleuronectes americanus)"
13975992,"05/17/2024 18:37:23","The coupled effects of stocking density and temperature on Sea Scallop ( 
<i>Placopecten magellanicus</i>) growth in suspended culture","Coleman, S., Cleaver, C., Morse, D.  et al.","Caracappa, Joseph","Temperature","Yes, include the reference","Atlantic sea scallop (Placopecten magellanicus)"
13975990,"05/29/2024 15:42:51","Cortisol is necessary for seawater tolerance in larvae of a marine teleost the summer flounder","Veillette, Philip A., Merino, Maricruz, Marcaccio, Neil D.  et al.","Gamble, Robert","Salinity","Yes, include the reference","Summer flounder (Paralichthys dentatus)"
13975975,"05/28/2024 16:28:24","A comparison of the effects of temperature on melanophore in vitro responses to noradrenalin in two teleost species adapted to cold ocean and tropical conditions","Burton, D. ","Caracappa, Joseph","Temperature","Yes, include the reference","Winter flounder (Pseudopleuronectes americanus)"
13975970,"05/21/2024 11:16:26","Comparative transcriptomics of spotted seatrout (Cynoscion nebulosus) populations to cold and heat stress","Song, Jingwei, McDowell, Jan R. ","Gamble, Robert","Temperature","Yes, include the reference","Spotted seatrout (Cynoscion nebulosus)"
13975965,"05/29/2024 15:25:26","Combined tracers reveal the multi-dimensionality of resource partitioning among sympatric forage fish","Saavedra, N. E., Rush, S. A., Olin, J. A.  et al.","Caracappa, Joseph","Temperature","Yes, include the reference","Alewife (Alosa pseudoharengus)"
13975964,"05/20/2024 14:48:50","Combined effects of temperature and salinity on development and survival of Atlantic halibut larvae","Ottesen, O. H., Bolla, S. ","Gamble, Robert","Temperature, Salinity","Yes, include the reference","Atlantic halibut (Hippoglossus hippoglossus)"
13975958,"05/29/2024 12:59:31","Clumped isotope analyses on biogenic aragonites and their use in paleoclimate reconstructions","de Winter, Niels J., Witbaard, Rob, Kocken, Ilja  et al.","Caracappa, Joseph","Temperature","Yes, include the reference","Ocean quahog (Arctica islandica)"
13975955,"05/17/2024 17:31:37","Climate, zooplankton, and pelagic fish growth in the central Baltic Sea","Möllmann, Christian, Kornilovs, Georgs, Fetter, Marina  et al.","Caracappa, Joseph","Temperature, Salinity","Yes, include the reference","Atlantic cod (Gadus morhua), Atlantic herring (Clupea harengus)"
13975945,"05/29/2024 15:31:46","CHARACTERIZATION OF LIVER FLAVIN-CONTAINING MONOOXYGENASE OF THE DOGFISH SHARK (SQUALUS-ACANTHIAS) AND PARTIAL-PURIFICATION OF LIVER FLAVIN-CONTAINING MONOOXYGENASE OF THE SILKY SHARK (CARCHARHINUS-FALCIFORMIS)","Schlenk, D., Lischlenk, R. ","Gamble, Robert","Temperature","Yes, include the reference","Spiny dogfish (Squalus acanthias)"
13975940,"05/29/2024 15:42:35","Characterization of cytochrome P450 dependent mixed-function oxidase system of gilthead seabream (Sparus aurata;sparidae) liver","Arinç, Emel, Sen, Alaattin ","Caracappa, Joseph","Salinity","Yes, include the reference","Scup (Stenotomus chrysops)"
13975933,"05/29/2024 15:27:53","Causes of Mass Mortalities of Scallops (Placopecten magellanicus) in the Southwestern Gulf of St. Lawrence","Dickie, L. M., Medcof, J. C. ","Caracappa, Joseph","Temperature","Yes, include the reference","Atlantic sea scallop (Placopecten magellanicus)"
13975929,"05/17/2024 22:08:48","Case study 17. Gadoids in the North Sea","","Gamble, Robert","Temperature","Yes, include the reference","Atlantic cod (Gadus morhua), Haddock (Melanogrammus aeglefinus), Pollock (Pollachius virens)"
13975928,"05/29/2024 12:22:29","Cardiovascular responses of the winter flounder, Pseudopleuronectes americanus to near-lethal temperature","Bridges, D. W., Lavigne, J. R. ","Caracappa, Joseph","Temperature","Yes, include the reference","Winter flounder (Pseudopleuronectes americanus)"
13975916,"05/29/2024 15:24:11","Blood oxygen capacities of eels acclimated to fresh-, brackish- and salt-water environments","Guernsey, Duane L., Poluhowich, John J. ","Caracappa, Joseph","Salinity","Yes, include the reference","American eel (Anguilla rostrata)"
13975915,"05/17/2024 15:48:06","Biotic and abiotic factors influencing forage fish and pelagic nekton community in the Columbia River plume (USA) throughout the upwelling season 1999–2009","Litz, Marisa N. C., Emmett, Robert L., Bentley, Paul J.  et al.","Gamble, Robert","Salinity, Temperature","Yes, include the reference","Atlantic herring (Clupea harengus), Atlantic salmon (Salmo salar), Spiny dogfish (Squalus acanthias)"
13975911,"05/21/2024 13:16:10","Biological and technical evaluation of the potential of marine and anadromous fish species for cold-water mariculture","Le Francois, N. R., Lemieux, H., Blier, P. U. ","Gamble, Robert","Temperature","Yes, include the reference","Haddock (Melanogrammus aeglefinus), Atlantic cod (Gadus morhua), Atlantic halibut (Hippoglossus hippoglossus), Atlantic wolffish (Anarhichas lupus)"
13975899,"05/29/2024 13:59:03","The behaviour of migratory eels,Anguilla rostrata, in response to current, salinity and lunar period","Hain, J. H. W. ","Caracappa, Joseph","Salinity","Yes, include the reference","American eel (Anguilla rostrata)"
13975896,"05/20/2024 17:11:10","Behavioral response of larval Atlantic menhaden Brevoortia tyrannus (Latrobe) and spot Leiostomus xanthurus (Lacepede) to rates of salinity change","De Vries, M. C., Hettler, W. F. ","Caracappa, Joseph","Salinity","Yes, include the reference","Atlantic menhaden (Brevoortia tyrannus), Spot (Leiostomus xanthurus)"
13975894,"05/17/2024 17:35:24","Bathymetric shift in the distribution of Atlantic surfclams: response to warmer ocean temperature","Weinberg, James R. ","Caracappa, Joseph","Temperature","Yes, include the reference","Atlantic sea scallop (Placopecten magellanicus)"
13975891,"05/21/2024 11:38:14","Barndoor skate in the Northwest Atlantic off Canada: Distribution in relation to temperature and depth based on commercial fisheries data","Kulka, D. W., Frank, K., Simon, J. E. ","Gamble, Robert","Temperature","Yes, include the reference","Barndoor skate (Dipturus laevis)"
13975889,"05/29/2024 13:53:42","Atrial natriuretic factor inhibits Na-K-Cl cotransport in teleost intestine","O'Grady, S. M., Field, M., Nash, N. T.  et al.","Caracappa, Joseph","Salinity","Yes, include the reference","Winter flounder (Pseudopleuronectes americanus)"
13975880,"05/29/2024 13:52:26","Atlantic menhaden recruitment to a southern estuary: defining potential spawning regions","","Caracappa, Joseph","Temperature","Yes, include the reference","Atlantic menhaden (Brevoortia tyrannus)"
13975869,"05/20/2024 14:54:43","Arachidonic acid requirements in larval summer flounder, 
<i>Paralichthys dentatus</i>","Willey, S., Bengtson, D. A., Harel, M. ","Gamble, Robert","Salinity","Yes, include the reference","Summer flounder (Paralichthys dentatus)"
13975862,"05/29/2024 11:46:18","Age, growth, and recruitment of larval and early juvenile Atlantic croaker ( 
<i>Micropogonias undulatus</i>), determined from analysis of otolith microstructure","Kupchik, M. J., Shaw, R. F. ","Caracappa, Joseph","Temperature, Salinity","Yes, include the reference","Atlantic croaker (Micropoginias undulatus)"
13975861,"05/21/2024 11:21:35","Age?linked changes in salinity tolerance of larval spotted seatrout (Cynoscion nebulosus, Cuvier)","Banks, M. A., Holt, G. J., Wakeman, J. M. ","Gamble, Robert","Salinity","Yes, include the reference","Spotted seatrout (Cynoscion nebulosus)"
13975858,"05/24/2024 11:56:24","Aerobic scope fails to explain the detrimental effects on growth resulting from warming and elevated CO2 in Atlantic halibut","Gräns, Albin, Jutfelt, Fredrik, Sandblom, Erik  et al.","Caracappa, Joseph","Temperature","Yes, include the reference","Atlantic halibut (Hippoglossus hippoglossus)"
13975855,"05/28/2024 17:32:39","The adaptability of black sea bass (Centropristis striata) to semi-lethal temperature and recovery mode from exposure to semi-lethal temperature","Liu, Chao, Cao, Jinfeng, Ma, Shen  et al.","Caracappa, Joseph","Temperature","Yes, include the reference","Black sea bass (Centropristis striata)"
