title,study.type,application,effect.type,common.name,scientific.name,age.group,location,opt.temp.min,opt.temp.min.var,opt.temp.mean,opt.temp.max,opt.temp.max.var,opt.salt.min,opt.salt.min.var,opt.salt.mean,opt.salt.max,opt.salt.max.var,stress.temp.min,stress.temp.min.var,stress.temp.max,stress.temp.max.var,stress.salt.min,stress.salt.min.var,stress.salt.max,stress.salt.max.var,lethal.temp.min,lethal.temp.min.var,lethal.temp.mean,lethal.temp.max,lethal.temp.max.var,lethal.salt.min,lethal.salt.min.var,lethal.salt.max,lethal.salt.max.var
Combined tracers reveal the multi-dimensionality of resource partitioning among sympatric forage fish,Model,Laboratory,Growth,alewife,Alosa pseudoharengus,Adult,Northeast US,10,NA,NA,27,NA,NA,NA,NA,NA,NA,NA,NA,NA,NA,NA,NA,NA,NA,NA,NA,NA,NA,NA,NA,NA,NA,NA
Thermal Tolerance of the Alewife,Experimental,Laboratory,Survival,Alewife,Alosa pseudoharengus,Adult,Northeast US,NA,NA,NA,NA,NA,NA,NA,NA,NA,NA,NA,NA,NA,NA,NA,NA,NA,NA,31,NA,NA,34,NA,NA,NA,NA,NA
"Spawning, Larviculture, and Salinity Tolerance of Alewives and Blueback Herring in Captivity",Experimental,Aquaculture,Multiple,Alewife,Alosa pseudoharengus,Juvenile,Northeast US,15,NA,NA,19,NA,NA,NA,NA,NA,NA,NA,NA,NA,NA,NA,NA,NA,NA,NA,NA,NA,NA,NA,NA,NA,NA,NA
Lethal and Preferred Temperatures of the Alewife (Alosa pseudoharengus) in Lake Michigan,Observational,Laboratory,Survival,Alewife,Alosa pseudoharengus,Adult,Other,11,NA,NA,21,NA,NA,NA,NA,NA,NA,NA,NA,NA,NA,NA,NA,NA,NA,8,NA,NA,33.4,NA,NA,NA,NA,NA
Influence of dietary nutrients on low temperature tolerance of freshwater alewives,NA,NA,NA,Alewife,Alosa pseudoharengus,Adult,Other,NA,NA,NA,NA,NA,NA,NA,NA,NA,NA,5,NA,NA,NA,NA,NA,NA,NA,4,NA,NA,NA,NA,NA,NA,NA,NA
Lethal and Preferred Temperatures of the Alewife (Alosa pseudoharengus) in Lake Michigan,Observational,Laboratory,Survival,Alewife,Alosa pseudoharengus,Juvenile,Other,19,NA,NA,25,NA,NA,NA,NA,NA,NA,NA,NA,NA,NA,NA,NA,NA,NA,NA,NA,NA,NA,NA,NA,NA,NA,NA
Effects of Temperature on Electrolyte Balance and Osmoregulation in the Alewife (Alosa pseudoharengus) in Fresh and Sea Water,Experimental,Laboratory,Survival,Alewife,Alosa pseudoharengus,Juvenile,Other,NA,NA,NA,NA,NA,NA,NA,NA,NA,NA,8,NA,NA,NA,NA,NA,NA,NA,3,NA,NA,31,NA,NA,NA,NA,NA
The effects of elevated salinity on river herring embryo and larval survival,Experimental,Laboratory,Survival,Alewife,Alosa pseudoharengus,Egg,Northeast US,NA,NA,NA,NA,NA,2,NA,NA,10,NA,NA,NA,NA,NA,NA,NA,NA,NA,NA,NA,NA,NA,NA,NA,NA,15,NA
The effects of elevated salinity on river herring embryo and larval survival,Experimental,Laboratory,Survival,Alewife,Alosa pseudoharengus,Larval,Northeast US,NA,NA,NA,NA,NA,2,NA,NA,15,NA,NA,NA,NA,NA,NA,NA,NA,NA,NA,NA,NA,NA,NA,NA,NA,20,NA
Tidal Influence on Movements and on Daily Cycle of Activity of American Eels,Observational,Wild,Behavioural,American eel,Anguilla rostrata,Adult,Canada,15,NA,NA,NA,NA,12,NA,NA,NA,NA,NA,NA,NA,NA,NA,NA,NA,NA,NA,NA,NA,NA,NA,NA,NA,NA,NA
Impact of an acute temperature change on performance and metabolism of pickerel (Esox niger) and Eel (Anguilla rostrata) hearts,Experimental,Laboratory,Metabolic,American eel,Anguilla rostrata,Adult,Canada,NA,NA,15,NA,NA,NA,NA,NA,NA,NA,5,NA,NA,NA,NA,NA,NA,NA,NA,NA,NA,NA,NA,NA,NA,NA,NA
"Oxygen isotope fractionation of otoliths formed across the maximum thermal range for somatic growth of the American eel 

<i>Anguilla rostrata</i>",Experimental,Laboratory,Growth,American eel,Anguilla rostrata,Juvenile,Canada,NA,NA,28,NA,NA,NA,NA,NA,NA,NA,NA,NA,NA,NA,NA,NA,NA,NA,NA,NA,NA,NA,NA,NA,NA,NA,NA
Impact of ocean warming on sustainable fisheries management informs the Ecosystem Approach to Fisheries,Model,Wild,Growth,American eel,Anguilla rostrata,Adult,Europe,NA,NA,16.16,NA,NA,NA,NA,NA,NA,NA,NA,NA,NA,NA,NA,NA,NA,NA,NA,NA,NA,NA,NA,NA,NA,NA,NA
"Temperature behavioral responses of the American eel, Anguilla rostrata (Lesueur), from Maryland",Experimental,Laboratory,Behavioural,American eel,Anguilla rostrata,Adult,Northeast US,NA,NA,16.7,NA,NA,NA,NA,NA,NA,NA,NA,NA,NA,NA,NA,NA,NA,NA,NA,NA,NA,NA,NA,NA,NA,NA,NA
Tolerance of Anguilla rostrata from Central America to Several Ecological Factors,Experimental,Laboratory,Survival,American eel,Anguilla rostrata,Adult,Central America,20,NA,NA,28,NA,NA,NA,NA,NA,NA,NA,NA,NA,NA,NA,NA,NA,NA,0,NA,NA,38,NA,NA,NA,NA,NA
"Effects of Temperature, Salinity and Oxygen on the Survival of the American Lobster",Experimental,Laboratory,Survival,American lobster,Homarus americanus,Adult,Canada,NA,NA,NA,NA,NA,NA,NA,NA,NA,NA,NA,NA,NA,NA,NA,NA,NA,NA,1.8,NA,NA,27.5,NA,6,NA,NA,NA
Threshold temperatures for performance and survival of American lobster larvae: A review of current knowledge and implications to modeling impacts of climate change,review,Wild,Survival,American lobster,Homarus americanus,Larval,Canada,NA,NA,NA,NA,NA,NA,NA,NA,NA,NA,NA,NA,20,NA,NA,NA,NA,NA,NA,NA,NA,28,NA,NA,NA,NA,NA
Threshold temperatures for performance and survival of American lobster larvae: A review of current knowledge and implications to modeling impacts of climate change,review,Wild,Survival,American lobster,Homarus americanus,Larval,Canada,NA,NA,NA,NA,NA,NA,NA,NA,NA,NA,NA,NA,20-26,NA,NA,NA,NA,NA,NA,NA,NA,28-36,NA,NA,NA,NA,NA
Effects of temperature and habitat biogeochemicals on disease susceptibility and survival of lobsters (Homarus americanus) in western Long Island Sound,Observational,Wild,Survival,American lobster,Homarus americanus,Adult,Northeast US,-1.5,NA,NA,30.5,NA,NA,NA,NA,NA,NA,NA,NA,NA,NA,NA,NA,NA,NA,NA,NA,NA,NA,NA,NA,NA,NA,NA
"A comparison of the osmoregulatory capabilities of estuarine and coastal populations of the American lobster, Homarus americanus.",Observational,Laboratory,Stress,American lobster,Homarus americanus,Adult,Northeast US,NA,NA,NA,NA,NA,NA,NA,NA,NA,NA,NA,NA,NA,NA,15 / 10,NA,NA,NA,NA,NA,NA,NA,NA,NA,NA,NA,NA
Enhancing thermal tolerance by eliminating the pejus range: a comparative study with three decapod crustaceans,Experimental,Laboratory,Survival,American lobster,Homarus americanus,Adult,Northeast US,NA,NA,NA,NA,NA,NA,NA,NA,NA,NA,14,NA,16,NA,NA,NA,NA,NA,28,NA,30,NA,NA,NA,NA,NA,NA
Implications of Future Northwest Atlantic Bottom Temperatures on the American Lobster (Homarus americanus) Fishery,review,Wild,Survival,American lobster,Homarus americanus,Adult,Northeast US,NA,NA,NA,18,NA,NA,NA,NA,NA,NA,NA,NA,20,NA,NA,NA,NA,NA,NA,NA,NA,NA,NA,NA,NA,NA,NA
Implications of Future Northwest Atlantic Bottom Temperatures on the American Lobster (Homarus americanus) Fishery,review,Wild,Survival,American lobster,Homarus americanus,Egg,Northeast US,12,NA,NA,18,NA,NA,NA,NA,NA,NA,NA,NA,20,NA,NA,NA,NA,NA,NA,NA,NA,NA,NA,NA,NA,NA,NA
Implications of Future Northwest Atlantic Bottom Temperatures on the American Lobster (Homarus americanus) Fishery,review,Wild,Growth,American lobster,Homarus americanus,Juvenile,Northeast US,12,NA,NA,18,NA,NA,NA,NA,NA,NA,NA,NA,20,NA,NA,NA,NA,NA,NA,NA,NA,NA,NA,NA,NA,NA,NA
The impact of ocean warming on juvenile American lobster recruitment off southeastern Massachusetts,Model,Wild,Survival,American lobster,Homarus americanus,Juvenile,Northeast US,NA,NA,NA,NA,NA,NA,NA,NA,NA,NA,NA,NA,NA,NA,NA,NA,NA,NA,NA,NA,NA,27,NA,NA,NA,NA,NA
Effects of thermal pollution on pelagic larvae of crustacea,Experimental,Laboratory,Multiple,American lobster,Homarus americanus,Larval,Northeast US,15,NA,NA,18,NA,20,NA,NA,28,NA,NA,NA,NA,NA,NA,NA,NA,NA,9,NA,NA,24,NA,NA,NA,40,NA
"A comparison of growth and temperature tolerance in the larvae of the lobsters Homarus gammarus (L.) and Homarus americanus H. milne Edwards (Decapoda, Nephropidae)",Observational,Laboratory,Survival,American lobster,Homarus americanus,Larval,Northeast US,NA,NA,NA,NA,NA,NA,NA,NA,NA,NA,NA,NA,NA,NA,NA,NA,NA,NA,NA,NA,NA,30,NA,NA,NA,NA,NA
"Factors Influencing the Size of American Lobster (Homarus americanus) Stocks Along the Atlantic Coast of Nova Scotia, Gulf of St. Lawrence, and Gulf of Maine: A New Synthesis",review,Wild,Multiple,American lobster,Homarus americanus,Larval,Northeast US,NA,NA,12.5,NA,NA,NA,NA,NA,NA,NA,NA,NA,NA,NA,NA,NA,NA,NA,NA,NA,NA,NA,NA,NA,NA,NA,NA
Ontogenetic shifts in thermal tolerance of the American lobster (Homarus americanus),Experimental,Laboratory,Survival,American lobster,Homarus americanus,Larval,Northeast US,NA,NA,NA,NA,NA,NA,NA,NA,NA,NA,NA,NA,NA,NA,NA,NA,NA,NA,4,NA,NA,32,NA,NA,NA,NA,NA
Top-down and bottom-up forces interact at thermal range extremes on American lobster,review,Wild,Survival,American lobster,Homarus americanus,Adult,Canada,4,NA,NA,16,NA,NA,NA,NA,NA,NA,NA,NA,NA,NA,NA,NA,NA,NA,NA,NA,NA,NA,NA,NA,NA,NA,NA
Low?Temperature Tolerance of American Plaice in Relation to Declines in Abundance,Experimental,Laboratory,Multiple,American plaice,Hippoglossoides platessoides,Adult,Canada,NA,NA,NA,NA,NA,NA,NA,NA,NA,NA,-1.4,NA,NA,NA,NA,NA,NA,NA,NA,NA,NA,NA,NA,NA,NA,NA,NA
Impact of ocean warming on sustainable fisheries management informs the Ecosystem Approach to Fisheries,Model,Wild,Growth,American plaice,Hippoglossoides platessoides,Adult,Europe,NA,NA,6.19,NA,NA,NA,NA,NA,NA,NA,NA,NA,NA,NA,NA,NA,NA,NA,NA,NA,NA,NA,NA,NA,NA,NA,NA
Observations on the reactions of young American shad to heated effluent,Observational,Wild,Survival,American shad,Alosa sapidissima,Juvenile,Northeast US,NA,NA,NA,NA,NA,NA,NA,NA,NA,NA,NA,NA,NA,NA,NA,NA,NA,NA,NA,NA,NA,30,NA,NA,NA,NA,NA
"Responses of Young American Shad, Alosa sapidissima, to Low Temperatures",NA,NA,NA,American shad,Alosa sapidissima,Juvenile,Northeast US,NA,NA,NA,NA,NA,NA,NA,NA,NA,NA,8,NA,NA,NA,NA,NA,NA,NA,4.4,NA,NA,NA,NA,NA,NA,NA,NA
Salinity tolerance of young American shad. Alosa sapidissima,Experimental,Laboratory,Survival,American shad,Alosa sapidissima,Juvenile,Northeast US,NA,NA,NA,NA,NA,NA,NA,NA,NA,NA,NA,NA,NA,NA,0,NA,30,NA,NA,NA,NA,NA,NA,NA,NA,NA,NA
"Upper Thermal Tolerance and Heat Shock Protein Response of Juvenile American Shad ( 

<i>Alosa sapidissima</i>)",Experimental,Laboratory,Stress,American shad,Alosa sapidissima,Juvenile,Northeast US,NA,NA,NA,NA,NA,NA,NA,NA,NA,NA,30,NA,NA,NA,NA,NA,NA,NA,34,NA,35,36,NA,NA,NA,NA,NA
"The ontogeny of salinity tolerance in the American shad, Alosa sapidissima",Observational,Wild,Survival,American shad,Alosa sapidissima,Larval,Northeast US,NA,NA,NA,NA,NA,NA,NA,NA,NA,NA,NA,NA,NA,NA,NA,NA,NA,NA,NA,NA,NA,NA,NA,NA,NA,35,NA
Thermal effects of power plant entrainment on survival of larval fishes: a laboratory assessment,Experimental,Laboratory,Survival,American shad,Alosa sapidissima,Larval,Northeast US,NA,NA,20.8,NA,NA,NA,NA,NA,NA,NA,NA,NA,NA,NA,NA,NA,NA,NA,27.8,NA,NA,40.8,NA,NA,NA,NA,NA
"High-temperature stress response: Insights into the molecular regulation of American shad 

<i> (Alosa</i> 

<i> sapidissima)</i> using a multi-omics approach",Observational,Aquaculture,Metabolic,American shad,Alosa sapidissima,Adult,China,NA,NA,NA,24,NA,NA,NA,NA,NA,NA,NA,NA,30,NA,NA,NA,NA,NA,NA,NA,NA,NA,NA,NA,NA,NA,NA
"Survival, Growth, and Feed Utilization of Pre? and Postmetamorphic American Shad Exposed to Increasing Salinity",Experimental,Aquaculture,Multiple,American shad,Alosa sapidissima,Egg,China,NA,NA,NA,NA,NA,0,NA,NA,5,NA,NA,NA,NA,NA,NA,NA,NA,NA,NA,NA,NA,NA,NA,20,NA,30,NA
"Effects of different salinities on growth performance, survival, digestive enzyme activity, immune response, and muscle fatty acid composition in juvenile American shad (Alosa sapidissima)",Experimental,Laboratory,Multiple,American shad,Alosa sapidissima,Juvenile,China,NA,NA,NA,NA,NA,NA,NA,NA,NA,NA,NA,NA,NA,NA,14,NA,28,NA,NA,NA,NA,NA,NA,NA,NA,NA,NA
"Effects of Different Salinities on Growth, Body Composition, Oxygen Consumption Rate, and Ammonia Excretion Rate in American shad (Alosa sapidissima) Juveniles",Experimental,Laboratory,Multiple,American shad,Alosa sapidissima,Juvenile,China,NA,NA,NA,NA,NA,15,NA,NA,20,NA,NA,NA,NA,NA,NA,NA,NA,NA,NA,NA,NA,NA,NA,NA,NA,NA,NA
"Thermal habitat for 0-group fish in the Barents Sea; how climate variability impacts their density, length, and geographic distribution",Observational,Wild,Habitat,Arctic Cod,Gadus morhua,Juvenile,Europe,4.4,NA,6.2,8,NA,NA,NA,NA,NA,NA,NA,NA,NA,NA,NA,NA,NA,NA,NA,NA,NA,NA,NA,NA,NA,NA,NA
Atmosphereâ€“Ocean Coupling and Atlantic Cod Migrations: Effect of Wind-Forced Variations in Sea Temperatures and Currents or Nearshore Distributions and Catch Rates of Gadus morhua,Observational,Wild,Habitat,Atlantic cod,Gadus morhua,Adult,Canada,0.5,NA,NA,4.5,NA,NA,NA,NA,NA,NA,-0.5,NA,8.5,NA,NA,NA,NA,NA,NA,NA,NA,NA,NA,NA,NA,NA,NA
Thermal biology and swimming performance of Atlantic cod (Gadus morhua) and haddock (Melanogrammus aeglefinus),Experimental,Aquaculture,Multiple,Atlantic cod,Gadus morhua,Adult,Canada,NA,NA,10,NA,NA,NA,NA,NA,NA,NA,21.4,0.3,23,0.2,NA,NA,NA,NA,NA,NA,NA,NA,NA,NA,NA,NA,NA
Associations between Atlantic cod (Gadus morhua) and hydrographic variables: Implications for the management of the 4VsW cod stock,Observational,Wild,Habitat,Atlantic cod,Gadus morhua,Adult,Canada,NA,NA,NA,NA,NA,32,NA,NA,33.5,NA,NA,NA,NA,NA,NA,NA,NA,NA,NA,NA,NA,NA,NA,NA,NA,NA,NA
Brain cooling marginally increases acute upper thermal tolerance in Atlantic cod,Experimental,Laboratory,Survival,Atlantic cod,Gadus morhua,Adult,Canada,NA,NA,NA,NA,NA,NA,NA,NA,NA,NA,NA,NA,NA,NA,NA,NA,NA,NA,NA,NA,NA,25.96,0.36,NA,NA,NA,NA
"The acute and incremental thermal tolerance of Atlantic cod ( 

<i>Gadus morhua</i>) families under normoxia and mild hypoxia",Experimental,Aquaculture,Survival,Atlantic cod,Gadus morhua,Adult,Canada,NA,NA,NA,NA,NA,NA,NA,NA,NA,NA,NA,NA,NA,NA,NA,NA,NA,NA,NA,NA,22.5,NA,NA,NA,NA,NA,NA
"Thermal sensitivity of metabolic rates and swimming performance in two latitudinally separated populations of cod, Gadus morhua L",Experimental,Laboratory,Multiple,Atlantic cod,Gadus morhua,Adult,Canada,NA,NA,7,NA,NA,NA,NA,NA,NA,NA,3,NA,11,NA,NA,NA,NA,NA,NA,NA,NA,NA,NA,NA,NA,NA,NA
"Temperature and dietary effects on the physiology of two gadids, the Atlantic cod (Gadus morhua) and haddock (Melanogrammus aeglefinus)",Experimental,Aquaculture,Multiple,Atlantic cod,Gadus morhua,Juvenile,Canada,10,NA,NA,12,NA,NA,NA,NA,NA,NA,16,NA,22,NA,NA,NA,NA,NA,24,NA,NA,NA,NA,NA,NA,NA,NA
"Growth, survival and feed efficiency for post-metamorphosed Atlantic cod ( 

<i>Gadus morhua</i>) reared at different temperatures",Experimental,Aquaculture,Growth,Atlantic cod,Gadus morhua,Juvenile,Canada,NA,NA,14.5,NA,NA,NA,NA,NA,NA,NA,NA,NA,NA,NA,NA,NA,NA,NA,NA,NA,NA,NA,NA,NA,NA,NA,NA
Cardiovascular and haematological responses of Atlantic cod (Gadus morhua) to acute temperature increase,Experimental,Laboratory,Survival,Atlantic cod,Gadus morhua,Adult,Canada,NA,NA,NA,NA,NA,NA,NA,NA,NA,NA,NA,NA,NA,NA,NA,NA,NA,NA,NA,NA,22.2,24,NA,NA,NA,NA,NA
"Effects of temperature on specific dynamic action in Atlantic cod 

<i>Gadus morhua</i>",Experimental,Laboratory,Metabolic,Atlantic cod,Gadus morhua,Adult,Europe,-1.5,NA,10,19,NA,NA,NA,NA,NA,NA,NA,NA,NA,NA,NA,NA,NA,NA,NA,NA,NA,NA,NA,NA,NA,NA,NA
"Oxygen limitation of thermal tolerance in cod, 

<i>Gadus morhua</i> L., studied by magnetic resonance imaging and on-line venous oxygen monitoring",Experimental,Laboratory,Metabolic,Atlantic cod,Gadus morhua,Adult,Europe,2,NA,NA,16,NA,NA,NA,NA,NA,NA,NA,NA,16,NA,NA,NA,NA,NA,NA,NA,19,NA,NA,NA,NA,NA,NA
Identification of lifecycle bottlenecks to assess the vulnerability of fish species to climate change,Observational,Wild,Reproduction,Atlantic cod,Gadus morhua,Adult,Europe,3,NA,NA,7,NA,NA,NA,NA,NA,NA,NA,NA,NA,NA,NA,NA,NA,NA,NA,NA,NA,NA,NA,NA,NA,NA,NA
Northern cod species face spawning habitat losses if global warming exceeds 1.5Â°C,review,Wild,Habitat,Atlantic cod,Gadus morhua,Adult,Europe,3,NA,NA,7,NA,NA,NA,NA,NA,NA,NA,NA,NA,NA,NA,NA,NA,NA,NA,NA,NA,NA,NA,NA,NA,NA,NA
Climate change with increasing seawater temperature will challenge the health of farmed Atlantic Cod (Gadus morhua L.),Experimental,Aquaculture,Disease,Atlantic cod,Gadus morhua,Adult,Europe,6,NA,NA,11,NA,NA,NA,NA,NA,NA,NA,NA,15,NA,NA,NA,NA,NA,NA,NA,NA,20,NA,NA,NA,NA,NA
Cod and climate in a latitudinal cline: physiological analyses of climate effects in marine fishes,review,Wild,Multiple,Atlantic cod,Gadus morhua,Adult,Europe,10,NA,NA,12,NA,NA,NA,NA,NA,NA,NA,NA,NA,NA,NA,NA,NA,NA,NA,NA,NA,NA,NA,NA,NA,NA,NA
"Climate induced temperature effects on growth performance, fecundity and recruitment in marine fish: developing a hypothesis for cause and effect relationships in Atlantic cod (Gadus morhua) and common eelpout (Zoarces viviparus)",Model,Wild,Multiple,Atlantic cod,Gadus morhua,Adult,Europe,NA,NA,10,NA,NA,NA,NA,NA,NA,NA,NA,NA,NA,NA,NA,NA,NA,NA,NA,NA,NA,NA,NA,NA,NA,NA,NA
Identification of lifecycle bottlenecks to assess the vulnerability of fish species to climate change,Observational,Wild,Survival,Atlantic cod,Gadus morhua,Adult,Europe,NA,NA,NA,NA,NA,NA,NA,NA,NA,NA,-1.5,NA,20,NA,NA,NA,NA,NA,NA,NA,NA,NA,NA,NA,NA,NA,NA
Impact of ocean warming on sustainable fisheries management informs the Ecosystem Approach to Fisheries,Model,Wild,Growth,Atlantic cod,Gadus morhua,Adult,Europe,NA,NA,7.415,NA,NA,NA,NA,NA,NA,NA,NA,NA,NA,NA,NA,NA,NA,NA,NA,NA,NA,NA,NA,NA,NA,NA,NA
"Effects of ocean acidification increase embryonic sensitivity to thermal extremes in Atlantic cod, Gadus morhua",Experimental,Laboratory,Reproduction,Atlantic cod,Gadus morhua,Egg,Europe,3,NA,NA,6,NA,NA,NA,NA,NA,NA,0-3,NA,12,NA,NA,NA,NA,NA,NA,NA,NA,NA,NA,NA,NA,NA,NA
Northern cod species face spawning habitat losses if global warming exceeds 1.5Â°C,Experimental,Laboratory,Survival,Atlantic cod,Gadus morhua,Egg,Europe,3,NA,NA,7,NA,NA,NA,NA,NA,NA,NA,NA,NA,NA,NA,NA,NA,NA,0,NA,NA,9,NA,NA,NA,NA,NA
Effect of temperature on viability and axial muscle development in embryos and yolk sac larvae of the Northeast Arctic cod (Gadus morhua),Experimental,Laboratory,Growth,Atlantic cod,Gadus morhua,Egg,Europe,NA,NA,NA,NA,NA,NA,NA,NA,NA,NA,NA,NA,NA,NA,NA,NA,NA,NA,NA,NA,NA,1,NA,NA,NA,NA,NA
Identification of lifecycle bottlenecks to assess the vulnerability of fish species to climate change,Experimental,Laboratory,Survival,Atlantic cod,Gadus morhua,Egg,Europe,NA,NA,NA,NA,NA,NA,NA,NA,NA,NA,NA,NA,NA,NA,NA,NA,NA,NA,NA,NA,NA,9,NA,NA,NA,NA,NA
Cod and climate in a latitudinal cline: physiological analyses of climate effects in marine fishes,review,Wild,Growth,Atlantic cod,Gadus morhua,Juvenile,Europe,4,NA,NA,14,NA,NA,NA,NA,NA,NA,NA,NA,NA,NA,NA,NA,NA,NA,NA,NA,NA,NA,NA,NA,NA,NA,NA
Seasonal movements and connectivity of an Atlantic cod (Gadus morhua) spawning component in the western Gulf of Maine,Observational,Wild,Behavioural,Atlantic cod,Gadus morhua,Adult,Northeast US,4,NA,7,13.3,NA,NA,NA,NA,NA,NA,NA,NA,NA,NA,NA,NA,NA,NA,NA,NA,NA,NA,NA,NA,NA,NA,NA
"Effects of salinity on eggs and yolk-sac larvae of Atlantic cod, Atlantic halibut, haddock and winter flounder",Experimental,Laboratory,Survival,Atlantic cod,Gadus morhua,Egg,Northeast US,NA,NA,NA,NA,NA,NA,NA,NA,NA,NA,NA,NA,NA,NA,15,NA,NA,NA,NA,NA,NA,NA,NA,NA,NA,NA,NA
"Fathers modify thermal reaction norms for hatching success in Atlantic cod, 

<i>Gadus morhua</i>",Experimental,Laboratory,Multiple,Atlantic cod,Gadus morhua,Egg,Northeast US,NA,NA,6.5,8,NA,NA,NA,NA,NA,NA,NA,NA,NA,NA,NA,NA,NA,NA,12.5,NA,NA,NA,NA,NA,NA,NA,NA
"Effects of salinity on eggs and yolk-sac larvae of Atlantic cod, Atlantic halibut, haddock and winter flounder",Experimental,Laboratory,Survival,Atlantic cod,Gadus morhua,Larval,Northeast US,NA,NA,NA,NA,NA,25,NA,NA,35,NA,NA,NA,NA,NA,NA,NA,NA,NA,NA,NA,NA,NA,NA,NA,NA,NA,NA
Ontogenetic Changes in Behavioral and Energetic Responses of Juvenile Atlantic Croaker to an Estuarine Salinity Gradient,Experimental,Laboratory,Behavioural,Atlantic croaker,Micropogonias undulatus,Adult,Northeast US,NA,NA,18,NA,NA,12,NA,NA,18,NA,NA,NA,NA,NA,NA,NA,NA,NA,NA,NA,NA,NA,NA,NA,NA,NA,NA
Low-temperature tolerance of age-0 Atlantic croakers : recruitment implications for U.S. mid-Atlantic estuaries,Observational,Wild,Survival,Atlantic croaker,Micropogonias undulatus,Juvenile,Northeast US,NA,NA,NA,NA,NA,NA,NA,NA,NA,NA,NA,NA,NA,NA,NA,NA,NA,NA,3,NA,NA,NA,NA,NA,NA,NA,NA
Mechanistic links between climate and fisheries along the east coast of the United States: explaining population outbursts of Atlantic croaker (Micropogonias undulatus),Observational,Wild,Survival,Atlantic croaker,Micropogonias undulatus,Juvenile,Northeast US,NA,NA,NA,NA,NA,NA,NA,NA,NA,NA,5,NA,NA,NA,NA,NA,NA,NA,3,NA,NA,NA,NA,NA,NA,NA,NA
Ontogenetic Changes in Behavioral and Energetic Responses of Juvenile Atlantic Croaker to an Estuarine Salinity Gradient,Experimental,Laboratory,Behavioural,Atlantic croaker,Micropogonias undulatus,Juvenile,Northeast US,NA,NA,18,NA,NA,2,NA,NA,18,NA,NA,NA,NA,NA,NA,NA,NA,NA,NA,NA,NA,NA,NA,NA,NA,NA,NA
Ontogenetic Changes in Behavioral and Energetic Responses of Juvenile Atlantic Croaker to an Estuarine Salinity Gradient,Experimental,Laboratory,Behavioural,Atlantic croaker,Micropogonias undulatus,Larval,Northeast US,NA,NA,18,NA,NA,14,NA,NA,18,NA,NA,NA,NA,NA,NA,NA,NA,NA,NA,NA,NA,NA,NA,NA,NA,NA,NA
Temperature?adaptive differences between the M4 lactate dehydrogenases of stenothermal and eurythermal sciaenid fishes,Experimental,Laboratory,Metabolic,Atlantic croaker,Micropogonias undulatus,Adult,Southeast US,10,NA,30,NA,NA,NA,NA,NA,NA,NA,NA,NA,NA,NA,NA,NA,NA,NA,NA,NA,NA,NA,NA,NA,NA,NA,NA
SUBMERGED CAGE CULTURE OF FISH IN SUPERSATURATED THERMAL EFFLUENT,Observational,Aquaculture,Multiple,Atlantic croaker,Micropoginias undulatus,Adult,Southeast US,NA,NA,NA,NA,NA,NA,NA,NA,NA,NA,NA,NA,NA,NA,NA,NA,NA,NA,NA,NA,NA,35.2,NA,NA,NA,NA,NA
"Hatchery methods and natural, hormone-implant-induced, and synchronized spawning of captive Atlantic croaker ( 

<i>Micropogonias undulatus</i>) Linnaeus 1766",Observational,Aquaculture,Reproduction,Atlantic croaker,Micropogonias undulatus,Egg,Southeast US,NA,NA,21,NA,NA,NA,NA,NA,NA,NA,NA,NA,23,NA,NA,NA,NA,NA,NA,NA,NA,NA,NA,NA,NA,NA,NA
Seasonal abundance of atlantic croaker (Micropogonias undulatus) in relation to bottom salinity and temperature in South Carolina estuaries,Observational,Wild,Habitat,Atlantic croaker,Micropogonias undulatus,Adult,Southeast US,9,NA,NA,31.4,NA,0.4,NA,NA,34.4,NA,NA,NA,NA,NA,NA,NA,NA,NA,NA,NA,NA,NA,NA,NA,NA,NA,NA
"Effects of salinity on eggs and yolk-sac larvae of Atlantic cod, Atlantic halibut, haddock and winter flounder",Experimental,Laboratory,Survival,Atlantic halibut,Hippoglossus hippoglossus,Egg,Canada,NA,NA,NA,NA,NA,NA,NA,NA,NA,NA,NA,NA,NA,NA,NA,NA,NA,NA,NA,NA,NA,NA,NA,15,NA,25,NA
"Low temperature tolerance of Atlantic halibut, Hippoglossus hippoglossus , at ambient ocean temperatures in Newfoundland",Observational,Wild,Survival,Atlantic halibut,Hippoglossus hippoglossus,Juvenile,Canada,2,NA,NA,NA,NA,NA,NA,NA,NA,NA,NA,NA,NA,NA,NA,NA,NA,NA,NA,NA,NA,NA,NA,NA,NA,NA,NA
"Effects of salinity on eggs and yolk-sac larvae of Atlantic cod, Atlantic halibut, haddock and winter flounder",Experimental,Laboratory,Survival,Atlantic halibut,Hippoglossus hippoglossus,Larval,Canada,NA,NA,NA,NA,NA,30,NA,NA,35,NA,NA,NA,NA,NA,NA,NA,NA,NA,NA,NA,NA,NA,NA,NA,NA,NA,NA
Impact of ocean warming on sustainable fisheries management informs the Ecosystem Approach to Fisheries,Model,Wild,Growth,Atlantic halibut,Hippogloussus hippoglossus,Adult,Europe,NA,NA,4.96,NA,NA,NA,NA,NA,NA,NA,NA,NA,NA,NA,NA,NA,NA,NA,NA,NA,NA,NA,NA,NA,NA,NA,NA
Effects of size on optimal temperature for growth and growth efficiency of immature Atlantic halibut (Hippoglossus hippoglossus L.),Experimental,Laboratory,Growth,Atlantic halibut,Hippoglossus hippoglossus L.,Juvenile,Europe,6,NA,9.7,9,NA,NA,NA,NA,NA,NA,NA,NA,NA,NA,NA,NA,NA,NA,NA,NA,NA,NA,NA,NA,NA,NA,NA
Effects of size on optimal temperature for growth and growth efficiency of immature Atlantic halibut (Hippoglossus hippoglossus L.),Experimental,Laboratory,Growth,Atlantic halibut,Hippoglossus hippoglossus L.,Juvenile,Europe,8,NA,11.4,11,NA,NA,NA,NA,NA,NA,NA,NA,NA,NA,NA,NA,NA,NA,NA,NA,NA,NA,NA,NA,NA,NA,NA
Aerobic scope fails to explain the detrimental effects on growth resulting from warming and elevated CO2 in Atlantic halibut,Experimental,Aquaculture,Growth,Atlantic halibut,Hippogloussus hippoglossus,Juvenile,Europe,10,NA,NA,15,NA,NA,NA,NA,NA,NA,5,NA,16,NA,NA,NA,NA,NA,NA,NA,NA,NA,NA,NA,NA,NA,NA
Optimal temperature of immature halibut (Hippoglossus hippoglossus L.): Effects of size,Observational,Wild,Growth,Atlantic halibut,Hippoglossus hippoglossus,Juvenile,Europe,NA,NA,11.4,NA,NA,NA,NA,NA,NA,NA,NA,NA,NA,NA,NA,NA,NA,NA,NA,NA,NA,NA,NA,NA,NA,NA,NA
Combined effects of temperature and salinity on development and survival of Atlantic halibut larvae,Experimental,Laboratory,Survival,Atlantic halibut,Hippoglossus hippoglossus,Larval,Europe,3,NA,NA,10,NA,32,NA,NA,34,NA,10,NA,NA,NA,35,NA,NA,NA,NA,NA,NA,NA,NA,NA,NA,NA,NA
Effects of size on optimal temperature for growth and growth efficiency of immature Atlantic halibut (Hippoglossus hippoglossus L.),Experimental,Laboratory,Growth,Atlantic halibut,Hippoglossus hippoglossus L.,Larval,Europe,12,NA,14,13,NA,NA,NA,NA,NA,NA,NA,NA,NA,NA,NA,NA,NA,NA,NA,NA,NA,NA,NA,NA,NA,NA,NA
Effects of salinity on yolk sac larvae of Atlantic halibut (Hippoglossus hippoglossus L.),Experimental,Laboratory,Survival,Atlantic halibut,Hippoglossus hippoglossus L.,Larval,Europe,NA,NA,NA,NA,NA,27,NA,NA,32,NA,NA,NA,NA,NA,NA,NA,NA,NA,NA,NA,NA,NA,NA,NA,NA,39,NA
Effects of temperature on yolk sac larvae of Atlantic halibut (Hippoglossus hippoglossus L.),Experimental,Laboratory,Survival,Atlantic halibut,Hippoglossus hippoglossus L.,Larval,Europe,NA,NA,NA,NA,NA,NA,NA,NA,NA,NA,NA,NA,6,NA,NA,NA,NA,NA,NA,NA,NA,12,NA,NA,NA,NA,NA
Impact of ocean warming on sustainable fisheries management informs the Ecosystem Approach to Fisheries,Model,Wild,Growth,Atlantic herring,Clupea harengus,Adult,Europe,NA,NA,4.62,NA,NA,NA,NA,NA,NA,NA,NA,NA,NA,NA,NA,NA,NA,NA,NA,NA,NA,NA,NA,NA,NA,NA,NA
Thermal windows supporting survival of the earliest life stages of Baltic herring (Clupea harengus),Experimental,Laboratory,Survival,Atlantic herring,Clupea harengus,Egg,Europe,7,NA,NA,17,NA,NA,NA,NA,NA,NA,2.8,NA,NA,NA,NA,NA,NA,NA,NA,NA,NA,21.7,NA,NA,NA,NA,NA
"Temperature, salinity tolerance, and buoyancy during early development and starvation of Clyde and North Sea herring, cod, and flounder larvae",Experimental,Laboratory,Survival,Atlantic Herring,Chpea harengus L.,Larval,Europe,NA,NA,NA,NA,NA,NA,NA,NA,NA,NA,NA,NA,NA,NA,NA,NA,NA,NA,NA,NA,NA,20.5-23.5,-4,1-1.5,NA,NA,NA
"Effects of warming rate, acclimation temperature and ontogeny on the critical thermal maximum of temperate marine fish larvae",Experimental,Laboratory,Survival,Atlantic herring,Clupea harengus,Larval,Europe,NA,NA,NA,NA,NA,NA,NA,NA,NA,NA,NA,NA,NA,NA,NA,NA,NA,NA,NA,NA,22.6-26.8,15-28.8,13,NA,NA,NA,NA
"Effects of warming rate, acclimation temperature and ontogeny on the critical thermal maximum of temperate marine fish larvae",Experimental,Laboratory,Survival,Atlantic herring,Clupea harengus,Larval,Europe,NA,NA,NA,NA,NA,NA,NA,NA,NA,NA,NA,NA,NA,NA,NA,NA,NA,NA,NA,NA,21-26,13.1-27,13.9,NA,NA,NA,NA
Linking individual physiological indicators to the productivity of fish populations: A case study of Atlantic herring,Experimental,Laboratory,Stress,Atlantic herring,Clupea harengus,Larval,Europe,NA,NA,NA,NA,NA,NA,NA,NA,NA,NA,NA,NA,19-23,NA,NA,NA,NA,NA,NA,NA,NA,NA,NA,NA,NA,NA,NA
Fishing from space : mackerel fishing in Icelandic waters and correlation with satellite variables,Observational,Wild,Habitat,Atlantic mackerel,Scomber scombrus,Adult,Europe,7.5,NA,NA,13,NA,NA,NA,NA,NA,NA,NA,NA,NA,NA,NA,NA,NA,NA,NA,NA,NA,NA,NA,NA,NA,NA,NA
Geographical expansion of Northeast Atlantic mackerel (Scomber scombrus) in the Nordic Seas from 2007 to 2016 was primarily driven by stock size and constrained by low temperatures,Model,Wild,Habitat,Atlantic mackerel,Scomber scombrus,Adult,Europe,9,NA,NA,13,NA,NA,NA,NA,NA,NA,NA,NA,NA,NA,NA,NA,NA,NA,NA,NA,NA,NA,NA,NA,NA,NA,NA
Poleward spawning of Atlantic mackerel (Scomber scombrus) is facilitated by ocean warming but triggered by energetic constraints,Observational,Wild,Habitat,Atlantic mackerel,Scomber scombrus,Adult,Europe,9,NA,NA,13,NA,NA,NA,NA,NA,NA,5,NA,15,NA,NA,NA,NA,NA,NA,NA,NA,NA,NA,NA,NA,NA,NA
Impact of ocean warming on sustainable fisheries management informs the Ecosystem Approach to Fisheries,Model,Wild,Growth,Atlantic mackerel,Scomber scombrus,Adult,Europe,NA,NA,12.94,NA,NA,NA,NA,NA,NA,NA,NA,NA,NA,NA,NA,NA,NA,NA,NA,NA,NA,NA,NA,NA,NA,NA,NA
Poleward spawning of Atlantic mackerel (Scomber scombrus) is facilitated by ocean warming but triggered by energetic constraints,Experimental,Laboratory,Reproduction,Atlantic mackerel,Scomber scombrus,Egg,Europe,10,NA,11,NA,NA,NA,NA,NA,NA,NA,NA,NA,NA,NA,NA,NA,NA,NA,8,NA,NA,18,NA,NA,NA,NA,NA
"Thermal effects on growth and time to starvation during the yolk-sac larval period of Atlantic mackerel 

<i>Scomber scombrus</i> L",Model,Laboratory,Multiple,Atlantic mackerel,Scomber scombrus,Larval,Europe,11.1,NA,NA,13.2,NA,NA,NA,NA,NA,NA,NA,NA,NA,NA,NA,NA,NA,NA,8.6,NA,NA,17.8,NA,NA,NA,NA,NA
EGGS AND LARVAE OF SCOMBER-SCOMBRUS AND SCOMBER-JAPONICUS IN CONTINENTAL-SHELF WATERS BETWEEN MASSACHUSETTS AND FLORIDA,Observational,Wild,Habitat,Atlantic mackerel,Scomber scombrus,Egg,East Coast US,6.3,NA,NA,16.9,NA,NA,NA,NA,NA,NA,NA,NA,NA,NA,NA,NA,NA,NA,NA,NA,NA,NA,NA,NA,NA,NA,NA
EGGS AND LARVAE OF SCOMBER-SCOMBRUS AND SCOMBER-JAPONICUS IN CONTINENTAL-SHELF WATERS BETWEEN MASSACHUSETTS AND FLORIDA,Observational,Wild,Habitat,Atlantic mackerel,Scomber scombrus,Larval,East Coast US,12.3,NA,NA,20.7,NA,NA,NA,NA,NA,NA,NA,NA,NA,NA,NA,NA,NA,NA,NA,NA,NA,NA,NA,NA,NA,NA,NA
Atlantic menhaden recruitment to a southern estuary: defining potential spawning regions,Observational,Wild,Reproduction,Atlantic menhaden,Brevoortia tyrannus,Egg,Northeast US,12,NA,NA,25,NA,NA,NA,NA,NA,NA,NA,NA,NA,NA,NA,NA,NA,NA,NA,NA,NA,NA,NA,NA,NA,NA,NA
Effects of Temperature on Age?0 Atlantic Menhaden Growth in Chesapeake Bay,Model,Wild,Growth,Atlantic menhaden,Brevoortia tyrannus,Juvenile,Northeast US,NA,NA,NA,NA,NA,NA,NA,NA,NA,NA,NA,NA,14,NA,NA,NA,NA,NA,NA,NA,NA,NA,NA,NA,NA,NA,NA
"A synthesis of water quality and contaminants data for the atlantic menhaden, brevoortia tyrannus: Implications for chesapeake bay",review,NA,NA,Atlantic menhaden,Brevoortia tyrannus,Juvenile,Northeast US,NA,NA,NA,NA,NA,NA,NA,NA,NA,NA,NA,NA,NA,NA,NA,NA,NA,NA,<5,NA,NA,>33,NA,NA,NA,NA,NA
Adaptive management strategies to protect Atlantic salmon (Salmo salar) under environmentally stressful conditions,Observational,Wild,Survival,Atlantic salmon,Salmo salar,Adult,Canada,NA,NA,NA,NA,NA,NA,NA,NA,NA,NA,NA,NA,NA,NA,NA,NA,NA,NA,NA,NA,NA,25,NA,NA,NA,NA,NA
Cardiorespiratory responses of seawater-acclimated adult Arctic char (Salvelinus alpinus) and Atlantic salmon (Salmo salar) to an acute temperature increase,Experimental,Laboratory,Metabolic,Atlantic salmon,Salmo salar,Adult,Canada,NA,NA,NA,NA,NA,NA,NA,NA,NA,NA,NA,NA,NA,NA,NA,NA,NA,NA,NA,NA,NA,26.5,0.3,NA,NA,NA,NA
"The Atlantic salmon's ( 

<i>Salmo salar</i>) incremental thermal maximum is a more relevant and sensitive indicator of family-based differences in upper temperature tolerance than its critical thermal maximum",Experimental,Aquaculture,Survival,Atlantic salmon,Salmo salar,Adult,Canada,NA,NA,NA,NA,NA,NA,NA,NA,NA,NA,NA,NA,NA,NA,NA,NA,NA,NA,NA,NA,NA,28,NA,NA,NA,NA,NA
The genomic architecture of high temperature tolerance in a year class of Atlantic Salmon,Experimental,Laboratory,Stress,Atlantic salmon,Salmo salar,Adult,Canada,NA,NA,NA,NA,NA,NA,NA,NA,NA,NA,NA,NA,NA,NA,NA,NA,NA,NA,NA,NA,21,NA,NA,NA,NA,NA,NA
"Understanding summertime thermal refuge use by adult Atlantic salmon using remote sensing, river temperature monitoring, and acoustic telemetry",Observational,Wild,Behavioural,Atlantic salmon,Salmo salar,Adult,Canada,NA,NA,16-20,NA,NA,NA,NA,NA,NA,NA,NA,NA,NA,NA,NA,NA,NA,NA,NA,NA,NA,NA,NA,NA,NA,NA,NA
Regional thermal analysis approach: A management tool for predicting water temperature metrics relevant for thermal fish habitat,Model,Wild,Habitat,Atlantic salmon,Salmo salar,Juvenile,Canada,NA,NA,NA,NA,NA,NA,NA,NA,NA,NA,NA,NA,22.5,NA,NA,NA,NA,NA,NA,NA,NA,NA,NA,NA,NA,NA,NA
Behaviour during elevated water temperatures: can physiology explain movement of juvenile Atlantic salmon to cool water,Experimental,Laboratory,Stress,Atlantic salmon,Salmo salar,Juvenile,Canada,NA,NA,NA,NA,NA,NA,NA,NA,NA,NA,22,NA,28,NA,NA,NA,NA,NA,NA,NA,NA,NA,NA,NA,NA,NA,NA
High temperature events shape the broadscale distribution of juvenile Atlantic salmon (Salmo salar),Observational,Wild,Behavioural,Atlantic salmon,Salmo salar,Juvenile,Canada,NA,NA,NA,NA,NA,NA,NA,NA,NA,NA,NA,NA,NA,NA,NA,NA,NA,NA,NA,NA,NA,27,NA,NA,NA,NA,NA
"Physiological effects of environmentally relevant, multi-day thermal stress on wild juvenile Atlantic salmon (Salmo salar)",Experimental,Wild,Stress,Atlantic salmon,Salmo salar,Juvenile,Canada,NA,NA,NA,16,NA,NA,NA,NA,NA,NA,NA,NA,16-27,NA,NA,NA,NA,NA,NA,NA,NA,NA,NA,NA,NA,NA,NA
The emerging role of climate in post-smolt growth of Atlantic salmon,Observational,Wild,Growth,Atlantic salmon,Salmo salar,Juvenile,Canada,NA,NA,NA,NA,NA,NA,NA,NA,NA,NA,NA,NA,NA,NA,NA,NA,NA,NA,6-7,NA,NA,NA,NA,NA,NA,NA,NA
Effect of Reduction in Water Salinity on Osmoregulation and Survival of Large Atlantic Salmon Held at High Water Temperature,Experimental,Laboratory,Survival,Atlantic salmon,Salmo salar,Adult,Europe,NA,NA,NA,NA,NA,NA,NA,28,NA,NA,18,NA,NA,NA,NA,NA,35,NA,NA,NA,NA,NA,NA,NA,NA,NA,NA
Impact of ocean warming on sustainable fisheries management informs the Ecosystem Approach to Fisheries,Model,Wild,Growth,Atlantic salmon,Salmo salar,Adult,Europe,NA,NA,6.87,NA,NA,NA,NA,NA,NA,NA,NA,NA,NA,NA,NA,NA,NA,NA,NA,NA,NA,NA,NA,NA,NA,NA,NA
Effects of temperature on growth and efficiency of yolk utilisation in eggs and pre-feeding larval stages of Atlantic salmon,Experimental,Laboratory,Growth,Atlantic salmon,Salmo salar,Egg,Europe,NA,NA,NA,NA,NA,NA,NA,NA,NA,NA,NA,NA,NA,NA,NA,NA,NA,NA,NA,NA,NA,16,NA,NA,NA,NA,NA
The effect of heat and cold exposure on HSP70 expression and development of deformities during embryogenesis of Atlantic salmon (Salmo salar),Experimental,Laboratory,Growth,Atlantic salmon,Salmo salar,Egg,Europe,NA,NA,NA,NA,NA,NA,NA,NA,NA,NA,1,NA,16,NA,NA,NA,NA,NA,NA,NA,NA,NA,NA,NA,NA,NA,NA
Effect of low temperature on seawater tolerance in Atlantic Salmon (Salmo salar) Smolts,Experimental,Laboratory,Survival,Atlantic salmon,Salmo salar,Juvenile,Europe,NA,NA,NA,NA,NA,NA,NA,NA,NA,NA,6,NA,NA,NA,NA,NA,NA,NA,NA,NA,NA,NA,NA,NA,NA,NA,NA
"Performance and welfare of Atlantic salmon, Salmo salar L. post?smolts in recirculating aquaculture systems: Importance of salinity and water velocity",Experimental,Aquaculture,Multiple,Atlantic salmon,Salmo salar,Juvenile,Europe,NA,NA,NA,NA,NA,NA,NA,12,NA,NA,NA,NA,NA,NA,NA,NA,22-32,NA,NA,NA,NA,NA,NA,NA,NA,NA,NA
The effect of the rate of temperature increase on the critical thermal maximum for parr of Atlantic salmon and brown trout,Experimental,Laboratory,Survival,Atlantic salmon,Salmo salar,Juvenile,Europe,NA,NA,NA,NA,NA,NA,NA,NA,NA,NA,NA,NA,NA,NA,NA,NA,NA,NA,NA,NA,NA,27-33,NA,NA,NA,NA,NA
"TOLERANCE AND RESISTANCE TO THERMAL-STRESS IN JUVENILE ATLANTIC SALMON, SALMO-SALAR",Experimental,Laboratory,Multiple,Atlantic salmon,Salmo salar,Juvenile,Europe,NA,NA,NA,NA,NA,NA,NA,NA,NA,NA,NA,NA,NA,NA,NA,NA,NA,NA,2.2,0.4,NA,27.8,0.2,NA,NA,NA,NA
Effects of temperature on growth and efficiency of yolk utilisation in eggs and pre-feeding larval stages of Atlantic salmon,Experimental,Laboratory,Growth,Atlantic salmon,Salmo salar,Larval,Europe,NA,NA,NA,NA,NA,NA,NA,NA,NA,NA,NA,NA,NA,NA,NA,NA,NA,NA,NA,NA,NA,22,NA,NA,NA,NA,NA
Future of the Sea: Biological Responses to Ocean Warming,review,Wild,Habitat,Atlantic salmon,Salmo salar,Adult,Europe,14,NA,NA,18,NA,NA,NA,NA,NA,NA,16,NA,20,NA,NA,NA,NA,NA,NA,NA,NA,NA,NA,NA,NA,NA,NA
Genetic variation for upper thermal tolerance diminishes within and between populations with increasing acclimation temperature in Atlantic salmon,Experimental,Aquaculture,Stress,Atlantic salmon,Salmo salar,Juvenile,Europe,14.5,NA,15.6,17.3,NA,NA,NA,NA,NA,NA,10.4,NA,20.9,NA,NA,NA,NA,NA,NA,NA,NA,NA,NA,NA,NA,NA,NA
Ocean thermal conditions in the post-smolt nursery of North American Atlantic salmon,Observational,Wild,Habitat,Atlantic salmon,Salmo salar,Juvenile,Northeast US,0,NA,NA,15.5,NA,NA,NA,NA,NA,NA,NA,NA,NA,NA,NA,NA,NA,NA,NA,NA,NA,NA,NA,NA,NA,NA,NA
"Effects of elevated temperature on osmoregulation and stress responses in Atlantic salmon 

<i>Salmo salar</i> smolts in fresh water and seawater",Experimental,Laboratory,Stress,Atlantic salmon,Salmo salar,Juvenile,Northeast US,16,NA,NA,18,NA,NA,NA,NA,NA,NA,NA,NA,24,NA,NA,NA,NA,NA,NA,NA,NA,28,NA,NA,NA,NA,NA
"Effects of an unprecedented summer heatwave on the growth performance, flesh colour and plasma biochemistry of marine cage-farmed Atlantic salmon (Salmo salar)",Observational,Aquaculture,Growth,Atlantic salmon,Salmo salar,Adult,Tasmania,12,NA,NA,18,NA,NA,NA,NA,NA,NA,NA,NA,20,NA,NA,NA,NA,NA,NA,NA,NA,22,NA,NA,NA,NA,NA
CRITICAL THERMAL MAXIMA FOR YOUNG SALMONIDS,Experimental,Laboratory,Survival,Atlantic salmon,Salmo salar,Juvenile,Europe,NA,NA,NA,NA,NA,NA,NA,NA,NA,NA,NA,NA,NA,NA,NA,NA,NA,NA,NA,NA,NA,29.2,NA,NA,NA,NA,NA
Mortality of salmonids cultured at low temperature in sea water,Experimental,Laboratory,Survival,Atlantic salmon,Salmo salar,Juvenile,Canada,NA,NA,NA,NA,NA,NA,NA,NA,NA,NA,1,NA,NA,NA,NA,NA,NA,NA,-0.7,NA,NA,NA,NA,NA,NA,NA,NA
DEVELOPMENT OF ATLANTIC SALMON (SALMO-SALAR) EGGS AND ALEVINS UNDER VARIED TEMPERATURE REGIMES,Experimental,Laboratory,Survival,Atlantic salmon,Salmo salar,Larval,Canada,NA,NA,6,NA,NA,NA,NA,NA,NA,NA,4,NA,8,NA,NA,NA,NA,NA,NA,NA,NA,NA,NA,NA,NA,NA,NA
"Acute critical thermal maximum does not predict chronic incremental thermal maximum in Atlantic salmon (Salmo salar) [Corrigendum: Oct. 2023, v. 284, p. 111491]",NA,NA,NA,Atlantic salmon,Salmo salar,Juvenile,Canada,NA,NA,NA,NA,NA,NA,NA,NA,NA,NA,NA,NA,NA,NA,NA,NA,NA,NA,NA,NA,NA,25,NA,NA,NA,NA,NA
"Environmental factors influencing the growth and survival of juvenile sea scallops, Placopecten magellanicus (Gmelin, 1791)",Experimental,Laboratory,Multiple,Atlantic sea scallop,Placopecten magellanicus,Juvenile,Canada,13,NA,NA,18,NA,25,NA,NA,30,NA,NA,NA,NA,NA,NA,NA,NA,NA,NA,NA,NA,NA,NA,NA,NA,NA,NA
"Effects of warming and fishing on Atlantic sea scallop ( 

<i>Placopecten magellanicus</i>) size structure in the Mid-Atlantic rotationally closed areas",Model,Wild,Growth,Atlantic sea scallop,Placopecten magellanicus,Adult,Northeast US,NA,NA,NA,13,NA,NA,NA,NA,NA,NA,13,NA,NA,NA,NA,NA,NA,NA,NA,NA,NA,NA,NA,NA,NA,NA,NA
"The coupled effects of stocking density and temperature on Sea Scallop ( 

<i>Placopecten magellanicus</i>) growth in suspended culture",Experimental,Aquaculture,Growth,Atlantic sea scallop,Placopecten magellanicus,Adult,Northeast US,10,NA,NA,15,NA,NA,NA,NA,NA,NA,NA,NA,NA,NA,NA,NA,NA,NA,NA,NA,NA,NA,NA,NA,NA,NA,NA
"Effects of elevated pCO 

<sub>2</sub> and temperature on the calcification rate, survival, extrapallial fluid chemistry, and respiration of the Atlantic Sea scallop 

<i>Placopecten magellanicus</i>",Model,Laboratory,Multiple,Atlantic sea scallop,Placopecten magellanicus,Adult,Northeast US,NA,NA,NA,12,NA,NA,NA,NA,NA,NA,9,NA,NA,NA,NA,NA,NA,NA,6,NA,NA,NA,NA,NA,NA,NA,NA
Optimization of fertilization parameters for rearing surf clams (Spisula solidissima ),Experimental,Laboratory,Reproduction,Atlantic surfclam,Spisula solidissima,Adult,Canada,8,NA,NA,20,NA,20,NA,NA,35,NA,6,NA,24,NA,NA,NA,NA,NA,NA,NA,NA,NA,NA,NA,NA,NA,NA
Long-term dynamics in Atlantic surfclam (Spisula solidissima) populations: The role of bottom water temperature,Model,NA,Survival,Atlantic surfclam,Spisula solidissima,Adult,Northeast US,16,NA,NA,22,NA,NA,NA,NA,NA,NA,23,NA,NA,NA,NA,NA,NA,NA,NA,NA,NA,NA,NA,NA,NA,NA,NA
"The influence of temperature stress on the physiology of the Atlantic surfclam, 

<i>Spisula solidissima</i>",Experimental,Laboratory,Stress,Atlantic surfclam,Spisula solidissima,Adult,Northeast US,NA,NA,NA,NA,NA,NA,NA,NA,NA,NA,23,NA,NA,NA,NA,NA,NA,NA,NA,NA,NA,NA,NA,NA,NA,NA,NA
Interactive roles of temperature and food availability in predicting habitat suitability for marine invertebrates,Observational,Laboratory,Growth,Atlantic surfclam,Spisula solidissima,Adult,Northeast US,NA,NA,NA,20,NA,NA,NA,NA,NA,NA,NA,NA,NA,NA,NA,NA,NA,NA,NA,NA,NA,NA,NA,NA,NA,NA,NA
"Transcriptomic Response of the Atlantic Surfclam ( 

<i>Spisula solidissima</i>) to Acute Heat Stress",Experimental,Laboratory,Stress,Atlantic surfclam,Spisula solidissima,Adult,Northeast US,NA,NA,NA,NA,NA,NA,NA,NA,NA,NA,NA,NA,29,NA,NA,NA,NA,NA,29,NA,NA,NA,NA,NA,NA,NA,NA
Interactive roles of temperature and food availability in predicting habitat suitability for marine invertebrates,Observational,Laboratory,Growth,Atlantic surfclam,Spisula solidissima,Juvenile,Northeast US,NA,NA,20.2,NA,NA,NA,NA,NA,NA,NA,NA,NA,NA,NA,NA,NA,NA,NA,NA,NA,NA,NA,NA,NA,NA,NA,NA
Interactive roles of temperature and food availability in predicting habitat suitability for marine invertebrates,Observational,Laboratory,Growth,Atlantic surfclam,Spisula solidissima,Larval,Northeast US,21,NA,22,23,NA,NA,NA,NA,NA,NA,NA,NA,> 23,NA,NA,NA,NA,NA,NA,NA,NA,NA,NA,NA,NA,NA,NA
SWIMMING RATE AND RESPONSES OF LARVAE OF 3 MACTRID BIVALVES TO SALINITY DISCONTINUITIES,Experimental,Aquaculture,Behavioural,Atlantic surfclam,Spisula solidissima,Larval,Northeast US,NA,NA,23,NA,NA,NA,NA,28,NA,NA,NA,NA,NA,NA,NA,NA,NA,NA,NA,NA,NA,NA,NA,NA,NA,NA,NA
Thermal tolerance by embryos and larvae of the surf clam Spisula solidissima,Experimental,Laboratory,Survival,Atlantic surfclam,Spisula solidissima,Larval,Northeast US,NA,NA,NA,NA,NA,NA,NA,NA,NA,NA,NA,NA,NA,NA,NA,NA,NA,NA,20,NA,NA,34,NA,NA,NA,NA,NA
"Tolerance and growth of juvenile common wolffish ( 

<i>Anarhichas lupus</i>) under low salinity and hypoxic conditions:: Preliminary results",Experimental,Laboratory,Growth,Atlantic wolffish,Anarhichas lupus,Juvenile,Canada,NA,NA,NA,NA,NA,7,NA,NA,28,NA,NA,NA,NA,NA,NA,NA,NA,NA,NA,NA,NA,NA,NA,NA,NA,NA,NA
"Tolerance, growth and haloplasticity of the Atlantic wolffish ( 

<i>Anarhichas lupus</i>) exposed to various salinities",Experimental,Laboratory,Growth,Atlantic wolffish,Anarhichas lupus,Juvenile,Canada,NA,NA,NA,NA,NA,7,NA,NA,35,NA,NA,NA,NA,NA,NA,NA,NA,NA,NA,NA,NA,NA,NA,NA,NA,7,NA
Management of wolffish broodstock,Experimental,Aquaculture,Reproduction,Atlantic wolffish,Anarhichas lupus,Egg,Europe,NA,NA,NA,NA,NA,NA,NA,NA,NA,NA,NA,NA,4,NA,NA,NA,NA,NA,NA,NA,NA,8,NA,NA,NA,NA,NA
"Impact of temperature and growth hormone on growth physiology of juvenile Atlantic wolffish ( 

<i>Anarhichas lupus</i>)",Experimental,Wild,Growth,Atlantic wolffish,Anarhichas lupus,Juvenile,Europe,NA,NA,12.1,NA,NA,NA,NA,NA,NA,NA,3,NA,15,NA,NA,NA,NA,NA,NA,NA,NA,NA,NA,NA,NA,NA,NA
Barndoor skate in the Northwest Atlantic off Canada: Distribution in relation to temperature and depth based on commercial fisheries data,Observational,Wild,Habitat,Barndoor skate,Dipturus laevis,Adult,Canada,0.5,NA,NA,10.9,NA,NA,NA,NA,NA,NA,NA,NA,NA,NA,NA,NA,NA,NA,NA,NA,NA,NA,NA,NA,NA,NA,NA
Fishery Management Complexes: An Impediment or Aid to Sustainable Harvest? A Discussion Based on the Northeast Skate Complex,Observational,Wild,Habitat,Barndoor skate,Dipturus laevis,Adult,Northeast US,NA,NA,7.76,NA,NA,NA,NA,NA,NA,NA,NA,NA,NA,NA,NA,NA,NA,NA,NA,NA,NA,NA,NA,NA,NA,NA,NA
"Offshore Habitat Preference of Overwintering Juvenile and Adult Black Sea Bass, Centropristis striata, and the Relationship to Year-Class Success: e0147627",Observational,Wild,Reproduction,Black sea bass,Centropristis striata,Adult,Northeast US,7.9,NA,12.5,15.7,NA,32.9,NA,34.2,35,NA,NA,NA,NA,NA,NA,NA,NA,NA,NA,NA,NA,NA,NA,NA,NA,NA,NA
"The effect of ocean warming on black sea bass ( 

<i>Centropristis striata</i>) aerobic scope and hypoxia tolerance",Experimental,Laboratory,Metabolic,Black sea bass,Centropristis striata,Adult,Northeast US,NA,NA,NA,24.4,NA,NA,NA,NA,NA,NA,NA,NA,NA,NA,NA,NA,NA,NA,NA,NA,NA,NA,NA,NA,NA,NA,NA
The Effects of Temperature and Salinity on Early Life Stages of Black Sea Bass Centropristis striata,Experimental,Laboratory,Growth,Black sea bass,Centropristis striata,Egg,Northeast US,15,NA,27,NA,NA,15,NA,NA,NA,NA,NA,NA,NA,NA,NA,NA,NA,NA,12,NA,NA,NA,NA,5,NA,NA,NA
"Offshore Habitat Preference of Overwintering Juvenile and Adult Black Sea Bass, Centropristis striata, and the Relationship to Year-Class Success: e0147627",Observational,Wild,Reproduction,Black sea bass,Centropristis striata,Juvenile,Northeast US,8,NA,NA,NA,NA,33,NA,34,35,NA,NA,NA,NA,NA,NA,NA,NA,NA,NA,NA,NA,NA,NA,NA,NA,NA,NA
"Effects of Temperature and Salinity on Growth of Juvenile Black Sea Bass, with Implications for Aquaculture",Experimental,Laboratory,Growth,Black sea bass,Centropristis striata,Juvenile,Northeast US,20,NA,25,30,NA,20,NA,NA,30,NA,15,NA,NA,NA,10,NA,NA,NA,NA,NA,NA,NA,NA,NA,NA,NA,NA
Limiting and Optimal Temperatures for the Northern Atlantic Population of Black Sea Bass,Experimental,Aquaculture,Survival,Black sea bass,Centropristis striata,Juvenile,Northeast US,NA,NA,25.6,NA,NA,NA,NA,23 g/L,NA,NA,NA,NA,32,NA,NA,NA,NA,NA,2.7,NA,NA,33.6,NA,NA,NA,NA,NA
Overwintering survivorship and growth of young-of-the-year black sea bass Centropristis striata,Experimental,Laboratory,Survival,Black sea bass,Centropristis striata,Juvenile,Northeast US,NA,NA,NA,NA,NA,NA,NA,15,NA,NA,NA,NA,NA,NA,NA,NA,35,NA,5,NA,NA,6,NA,NA,NA,NA,NA
The Effects of Temperature and Salinity on Early Life Stages of Black Sea Bass Centropristis striata,Experimental,Laboratory,Growth,Black sea bass,Centropristis striata,Larval,Northeast US,18,NA,27,NA,NA,20,NA,NA,NA,NA,NA,NA,NA,NA,NA,NA,NA,NA,NA,NA,NA,NA,NA,NA,NA,NA,NA
The Effects of Temperature and Salinity on Early Life Stages of Black Sea Bass Centropristis striata,Experimental,Laboratory,Growth,Black sea bass,Centropristis striata,Larval,Northeast US,18,NA,NA,NA,NA,30,NA,NA,NA,NA,NA,NA,NA,NA,NA,NA,NA,NA,NA,NA,NA,NA,NA,NA,NA,NA,NA
The adaptability of black sea bass (Centropristis striata) to semi-lethal temperature and recovery mode from exposure to semi-lethal temperature,Experimental,Laboratory,Stress,Black sea bass,Centropristis striata,Juvenile,China,NA,NA,NA,20.38,NA,NA,NA,NA,NA,NA,NA,NA,NA,NA,NA,NA,NA,NA,NA,NA,NA,26.8,NA,NA,NA,NA,NA
A Potentially Commercial Black Sea Bass (Centripristis striata) Recirculating Mariculture System,Observational,Aquaculture,Growth,Black sea bass,Centropristis striata,Adult,Southeast US,22,NA,NA,27,NA,NA,NA,NA,NA,NA,NA,NA,NA,NA,NA,NA,NA,NA,NA,NA,NA,NA,NA,NA,NA,NA,NA
"Evaluation of salt-incorporated diets on growth, body composition and plasma electrolytes of black sea bass 

<i>Centropristis striata</i> reared in a semi-pilot scale low salinity recirculating aquaculture system",Experimental,Aquaculture,Growth,Black sea bass,Centropristis striata,Juvenile,Southeast US,NA,NA,NA,NA,NA,10,NA,NA,12.3,NA,NA,NA,NA,NA,NA,NA,NA,NA,NA,NA,NA,NA,NA,4,NA,NA,NA
Salinity and Temperature Tolerances of Black Sea Bass Juveniles,Observational,Aquaculture,Survival,Black sea bass,Centropristis striata,Juvenile,Southeast US,NA,NA,NA,NA,NA,NA,NA,NA,NA,NA,NA,NA,NA,NA,NA,NA,NA,NA,3.7,NA,NA,33.3,NA,NA,NA,NA,NA
"Effects of feeding frequency of live prey on larval growth, survival, resistance to hyposalinity stress, Na 

<sup>+</sup>/K 

<sup>+</sup> ATPase activity, and fatty acid profiles in black sea bass 

<i>Centropristis striata</i>",Experimental,Laboratory,NA,Black sea bass,Centropristis striata,Larval,Southeast US,NA,NA,NA,NA,NA,NA,NA,NA,NA,NA,NA,NA,NA,NA,NA,NA,NA,NA,NA,NA,NA,NA,NA,10,NA,NA,NA
"Spawning, Larviculture, and Salinity Tolerance of Alewives and Blueback Herring in Captivity",Experimental,Aquaculture,Multiple,Blueback herring,Alosa aestivalis,Juvenile,Northeast US,15,NA,NA,19,NA,NA,NA,NA,NA,NA,NA,NA,NA,NA,NA,NA,NA,NA,NA,NA,NA,NA,NA,NA,NA,NA,NA
"Salinity tolerance of young blueback herring, Alosa aestivalis",Experimental,Laboratory,Survival,Blueback herring,Alosa aestivalis,Juvenile,Northeast US,NA,NA,NA,NA,NA,NA,NA,NA,NA,NA,NA,NA,NA,NA,5,NA,28,NA,NA,NA,NA,NA,NA,NA,NA,NA,NA
Thermal effects of power plant entrainment on survival of larval fishes: a laboratory assessment,Experimental,Laboratory,Survival,Blueback herring,Alosa aestivalis,Larval,Northeast US,NA,NA,20.5,NA,NA,NA,NA,NA,NA,NA,NA,NA,NA,NA,NA,NA,NA,NA,28.1,NA,NA,39.5,NA,NA,NA,NA,NA
The effects of elevated salinity on river herring embryo and larval survival,Experimental,Laboratory,Survival,Blueback herring,Alosa aestivalis,Egg,Northeast US,NA,NA,NA,NA,NA,2,NA,NA,10,NA,NA,NA,NA,NA,NA,NA,NA,NA,NA,NA,NA,NA,NA,NA,NA,20,NA
The effects of elevated salinity on river herring embryo and larval survival,Experimental,Laboratory,Survival,Blueback herring,Alosa aestivalis,Larval,Northeast US,NA,NA,NA,NA,NA,2,NA,NA,10,NA,NA,NA,NA,NA,NA,NA,NA,NA,NA,NA,NA,NA,NA,NA,NA,15,NA
Scaling Acoustic Telemetry of Bluefish in an Estuarine Observatory: Detection and Habitat Use Patterns,Observational,Wild,Behavioural,bluefish,Pomatomus saltatrix,Adult,Northeast US,NA,NA,NA,NA,NA,25,NA,NA,31,NA,11,NA,27,NA,NA,NA,NA,NA,NA,NA,NA,NA,NA,NA,NA,NA,NA
Fishery Management Complexes: An Impediment or Aid to Sustainable Harvest? A Discussion Based on the Northeast Skate Complex,Observational,Wild,Habitat,Clearnose skate,Raja eglanteria,Adult,Northeast US,NA,NA,12.7,NA,NA,NA,NA,NA,NA,NA,NA,NA,NA,NA,NA,NA,NA,NA,NA,NA,NA,NA,NA,NA,NA,NA,NA
"Fluctuations in two osmoregulatory components, urea and sodium chloride, of the clearnose skate, Rafa eglanteria bosc 1802—II. Upon natural variation of the salinity of the external medium",Experimental,Laboratory,NA,Clearnose skate,Raja eglanteria,Adult,Northeast US,19,NA,NA,27,NA,18,NA,NA,33.2,NA,NA,NA,NA,NA,NA,NA,NA,NA,NA,NA,NA,NA,NA,NA,NA,NA,NA
"Temperature, salinity tolerance, and buoyancy during early development and starvation of Clyde and North Sea herring, cod, and flounder larvae",Experimental,Laboratory,Survival,cod,Gadus morhua L.,Larval,Europe,NA,NA,NA,NA,NA,NA,NA,NA,NA,NA,NA,NA,NA,NA,NA,NA,NA,NA,NA,NA,NA,15.5-18,-4,2-3,NA,NA,NA
"The Effect of Temperature on the Respiratory Movements and Viability of a Cold?Water Prawn, Pandalus borealis",Experimental,Laboratory,Metabolic,Cold-water prawn,Pandalus borealis,Adult,Europe,NA,NA,NA,NA,NA,NA,NA,NA,NA,NA,NA,NA,NA,NA,NA,NA,NA,NA,16.5,NA,NA,NA,NA,NA,NA,NA,NA
"Salinity-temperature tolerance of juvenile giant scallops, 

<i>Placopecten magellanicus</i>",Experimental,Aquaculture,Survival,Giant sea scallop,Placopecten magellanicus,Juvenile,Canada,NA,NA,NA,18,NA,25,NA,NA,NA,NA,NA,NA,NA,NA,NA,NA,NA,NA,23,NA,NA,NA,NA,NA,NA,NA,NA
Thermal biology and swimming performance of Atlantic cod (Gadus morhua) and haddock (Melanogrammus aeglefinus),Experimental,Aquaculture,Multiple,haddock,Melanogrammus aeglefinus,Adult,Canada,NA,NA,NA,NA,NA,NA,NA,NA,NA,NA,23.9,0.3,NA,NA,NA,NA,NA,NA,NA,NA,NA,NA,NA,NA,NA,NA,NA
"Effects of salinity on eggs and yolk-sac larvae of Atlantic cod, Atlantic halibut, haddock and winter flounder",Experimental,Laboratory,Survival,Haddock,Melanogrammus aeglefinus,Egg,Canada,NA,NA,NA,NA,NA,15,NA,NA,35,NA,NA,NA,NA,NA,NA,NA,NA,NA,NA,NA,NA,NA,NA,NA,NA,NA,NA
"Temperature and dietary effects on the physiology of two gadids, the Atlantic cod (Gadus morhua) and haddock (Melanogrammus aeglefinus)",Experimental,Aquaculture,Multiple,haddock,Melanogrammus aeglefinus,Juvenile,Canada,10,NA,NA,12,NA,NA,NA,NA,NA,NA,NA,NA,NA,NA,NA,NA,NA,NA,NA,NA,NA,NA,NA,NA,NA,NA,NA
"Effects of salinity on eggs and yolk-sac larvae of Atlantic cod, Atlantic halibut, haddock and winter flounder",Experimental,Laboratory,Survival,Haddock,Melanogrammus aeglefinus,Larval,Canada,NA,NA,NA,NA,NA,NA,NA,20,NA,NA,NA,NA,NA,NA,15,NA,35,NA,NA,NA,NA,30,NA,NA,NA,NA,NA
"Spawning grounds of haddock ( 

<i>Melanogrammus aeglefinus</i>) in the North Sea and West of Scotland",Model,Wild,Reproduction,Haddock,Melanogrammus aeglefinus,Adult,Europe,5,NA,7,NA,NA,NA,NA,35.1,NA,NA,NA,NA,NA,NA,NA,NA,NA,NA,NA,NA,NA,NA,NA,NA,NA,NA,NA
Impact of ocean warming on sustainable fisheries management informs the Ecosystem Approach to Fisheries,Model,Wild,Growth,Haddock,Melanogrammus aeglefinus,Adult,Europe,NA,NA,8.35,NA,NA,NA,NA,NA,NA,NA,NA,NA,NA,NA,NA,NA,NA,NA,NA,NA,NA,NA,NA,NA,NA,NA,NA
Factors Relating to the Reproductive Biology of Georges Bank Haddock (Melanogrammus aeglefinus) in 1977-83,Observational,Wild,Reproduction,Haddock,Melanogrammus aeglefinus,Adult,Northeast US,4,NA,5.3,7,NA,NA,NA,NA,NA,NA,10,NA,NA,NA,NA,NA,NA,NA,NA,NA,NA,NA,NA,NA,NA,NA,NA
Differences between Atlantic halibut (Hippoglossus hippoglossus L.) and turbot (Scophthalmus maximus L.) in tolerance to acute low temperature exposure,Experimental,Laboratory,Stress,halibut,Hippoglossus hippoglossus L.,Juvenile,Europe,NA,NA,NA,NA,NA,NA,NA,NA,NA,NA,NA,NA,1,NA,NA,NA,NA,NA,NA,NA,NA,NA,NA,NA,NA,NA,NA
"Growth of juvenile halibut, Hippoglossus hippoglossus (L.), under a constant and switched temperature regime",Experimental,Laboratory,Growth,Halibut,Hippoglossus hippoglossus,Juvenile,Europe,NA,NA,11,14,NA,NA,NA,NA,NA,NA,NA,NA,NA,NA,NA,NA,NA,NA,NA,NA,NA,NA,NA,NA,NA,NA,NA
"Stepwise temperature regulation and its effect on growth, feeding and muscle growth patterns of juvenile Atlantic halibut (Hippoglossus hippoglossus L.)",Experimental,Aquaculture,Growth,halibut,Hippoglossus hippoglossus L.,Juvenile,Europe,NA,NA,12,NA,NA,NA,NA,NA,NA,NA,NA,NA,NA,NA,NA,NA,NA,NA,NA,NA,NA,NA,NA,NA,NA,NA,NA
Development of eggs and yolk sac larvae of halibut (Hippoglossus hippoglossus L.),Experimental,Laboratory,Growth,halibut,Hippoglossus hippoglossus L.,Larval,Europe,3,NA,NA,6,NA,NA,NA,NA,9,NA,NA,NA,NA,NA,NA,NA,NA,NA,NA,NA,NA,NA,NA,NA,NA,NA,NA
Fishery Management Complexes: An Impediment or Aid to Sustainable Harvest? A Discussion Based on the Northeast Skate Complex,Observational,Wild,Habitat,Little skate,Leucoraja erinacea,Adult,Northeast US,NA,NA,8.93,NA,NA,NA,NA,NA,NA,NA,NA,NA,NA,NA,NA,NA,NA,NA,NA,NA,NA,NA,NA,NA,NA,NA,NA
EFFECTS OF SALINITY AND TEMPERATURE ON SURVIVAL AND DEVELOPMENT OF LARVAL ATLANTIC MENHADEN BREVOORTIA TYRANNUS,Experimental,Laboratory,Survival,Menhaden,Brevoortia tyrannus,Larval,Southeast US,NA,NA,NA,NA,NA,NA,NA,NA,NA,NA,NA,NA,5,NA,NA,NA,NA,NA,NA,NA,NA,NA,NA,0,NA,NA,NA
Determining Discard Mortality of Monkfish in a Sea Scallop Dredge Fishery,Observational,Wild,Survival,monkfish,Lophius americanus,Adult,Northeast US,8.8,NA,NA,21.1,NA,NA,NA,NA,NA,NA,NA,NA,NA,NA,NA,NA,NA,NA,NA,NA,NA,NA,NA,NA,NA,NA,NA
"Thermal habitat for 0-group fish in the Barents Sea; how climate variability impacts their density, length, and geographic distribution",Observational,Wild,Habitat,Northeast Arctic haddock,Melanogrammus aeglefinus,Juvenile,Europe,5.3,NA,7.2,NA,NA,NA,NA,NA,NA,NA,NA,NA,NA,NA,NA,NA,NA,NA,NA,NA,NA,NA,NA,NA,NA,NA,NA
The distribution and abundance of northern shrimp (Pandalus borealis) in relation to bottom temperatures in NAFO Divisions 3LNO based on multi-species surveys from 1995-2003,Observational,Wild,Habitat,Northern shrimp,Pandalus borealis,Adult,Canada,1,NA,NA,4,NA,NA,NA,NA,NA,NA,NA,NA,5,NA,NA,NA,NA,NA,NA,NA,NA,NA,NA,NA,NA,NA,NA
The distribution and abundance of northern shrimp (Pandalus borealis) in relation to bottom temperatures in NAFO Divisions 3LNO based on multi-species surveys from 1995-2004,Observational,Wild,Habitat,Northern shrimp,Pandalus borealis,Adult,Canada,1,NA,NA,4,NA,NA,NA,NA,NA,NA,NA,NA,5,NA,NA,NA,NA,NA,NA,NA,NA,NA,NA,NA,NA,NA,NA
The distribution and abundance of northern shrimp (Pandalus borealis) in relation to bottom temperatures in NAFO Divisions 3LNO based on multi-species surveys from 1995-2006,Observational,Wild,Habitat,Northern shrimp,Pandalus borealis,Adult,Canada,1,NA,NA,4,NA,NA,NA,NA,NA,NA,NA,NA,5,NA,NA,NA,NA,NA,NA,NA,NA,NA,NA,NA,NA,NA,NA
"The lack of genetic variation underlying thermal transcriptomic plasticity suggests limited adaptability of the Northern shrimp, Pandalus borealis",Experimental,Laboratory,Metabolic,Northern shrimp,Pandalus borealis,Adult,Canada,NA,NA,NA,10,NA,NA,NA,NA,NA,NA,NA,NA,NA,NA,NA,NA,NA,NA,NA,NA,NA,NA,NA,NA,NA,NA,NA
"Size and temperature-dependent variations in intermolt duration and size increment at molt of Northern Shrimp, Pandalus borealis",Experimental,Laboratory,Growth,Northern shrimp,Pandalus borealis,Juvenile,Canada,2,NA,NA,8,NA,NA,NA,NA,NA,NA,NA,NA,NA,NA,NA,NA,NA,NA,NA,NA,NA,NA,NA,NA,NA,NA,NA
"Temperature induced variation in oxygen consumption of juvenile and adult stages of the northern shrimp, Pandalus borealis",Experimental,Laboratory,Growth,Northern shrimp,Pandalus borealis,Juvenile,Canada,2,NA,NA,8,NA,NA,NA,NA,NA,NA,NA,NA,NA,NA,NA,NA,NA,NA,NA,NA,NA,NA,NA,NA,NA,NA,NA
"Regional variations in early life stages response to a temperature gradient in the northern shrimp 

<i>Pandalus borealis</i> and vulnerability of the populations to ocean warming",Experimental,Laboratory,Multiple,Northern shrimp,Pandalus borealis,Larval,Canada,9,NA,12,14,NA,NA,NA,NA,NA,NA,NA,NA,NA,NA,NA,NA,NA,NA,3,NA,NA,15,NA,NA,NA,NA,NA
"Thermal habitat for 0-group fish in the Barents Sea; how climate variability impacts their density, length, and geographic distribution",Observational,Wild,Habitat,Norwegian spring-spawning herring,Clupea harengus,Juvenile,Europe,5.2,NA,7,8.7,NA,NA,NA,NA,NA,NA,NA,NA,NA,NA,NA,NA,NA,NA,NA,NA,NA,NA,NA,NA,NA,NA,NA
"EXPERIMENTAL CULTURE OF THE OCEAN QUAHOG, Arctica islandica",Experimental,Aquaculture,Growth,Ocean quahog,Arctica islandica,Larval,Northeast US,11,NA,NA,14.5,NA,32,NA,NA,34,NA,8.5,NA,10,NA,NA,NA,NA,NA,NA,NA,NA,NA,NA,NA,NA,NA,NA
Larval and Early Post-Larval Development of Arctica Islandica,Observational,Laboratory,Growth,Ocean quahog,Arctica islandica,Larval,Northeast US,11,NA,13,NA,NA,14.5,NA,NA,NA,NA,NA,NA,NA,NA,NA,NA,NA,NA,NA,NA,NA,NA,NA,NA,NA,NA,NA
"Population biology of a data poor species, offshore hake (Merluccius albidus) in the northwest Atlantic, United States",Observational,Wild,Multiple,Offshore hake,Merluccius albidus,Adult,Northeast US,11,NA,NA,13,NA,NA,NA,NA,NA,NA,NA,NA,NA,NA,NA,NA,NA,NA,NA,NA,NA,NA,NA,NA,NA,NA,NA
Impact of ocean warming on sustainable fisheries management informs the Ecosystem Approach to Fisheries,Model,Wild,Growth,Pollock,Pollachius virens,Adult,Europe,NA,NA,8.955,NA,NA,NA,NA,NA,NA,NA,NA,NA,NA,NA,NA,NA,NA,NA,NA,NA,NA,NA,NA,NA,NA,NA,NA
The Critical Thermal Maximum of Juvenile Red Drum Reared for Out?of?Season Stocking in Texas,Experimental,Aquaculture,Survival,Red drum,Sciaenops ocellatus,Juvenile,Southeast US,NA,NA,NA,NA,NA,NA,NA,NA,NA,NA,NA,NA,NA,NA,NA,NA,NA,NA,NA,NA,NA,37-38.7,NA,NA,NA,NA,NA
SUBMERGED CAGE CULTURE OF FISH IN SUPERSATURATED THERMAL EFFLUENT,Observational,Aquaculture,Multiple,red drum,Sciaenops ocellatus,Larval,Southeast US,NA,NA,NA,NA,NA,NA,NA,NA,NA,NA,NA,NA,NA,NA,NA,NA,NA,NA,NA,NA,NA,38.5,NA,NA,NA,NA,NA
Temperature?adaptive differences between the M4 lactate dehydrogenases of stenothermal and eurythermal sciaenid fishes,Experimental,Laboratory,Metabolic,Red drum,Sciaenops ocellatus,Adult,Southeast US,10,NA,30,NA,NA,NA,NA,NA,NA,NA,NA,NA,NA,NA,NA,NA,NA,NA,NA,NA,NA,NA,NA,NA,NA,NA,NA
Oxygen dependence of upper thermal limits in fishes,Experimental,Laboratory,Stress,Red drum,Sciaenops ocellatus,Adult,Southeast US,NA,NA,NA,NA,NA,NA,NA,NA,NA,NA,NA,NA,36.5,0.1,NA,NA,NA,NA,NA,NA,NA,NA,NA,NA,NA,NA,NA
"Effects of temperature and salinity on egg hatching and larval survival of red drum, Sciaenops ocellata",Experimental,Laboratory,Survival,Red drum,Sciaenops ocellata,Egg,Southeast US,NA,NA,25,NA,NA,NA,NA,30,NA,NA,NA,NA,NA,NA,NA,NA,NA,NA,NA,NA,NA,30,NA,10,NA,NA,NA
Comparisons of critical thermal maxima and minima of juvenile red drum (Sciaenops ocellatus) from Texas and North Carolina,Experimental,Aquaculture,Stress,Red drum,Sciaenops octellatus,Juvenile,Southeast US,NA,NA,NA,NA,NA,NA,NA,NA,NA,NA,1.86,NA,34.85,NA,NA,NA,NA,NA,NA,NA,NA,NA,NA,NA,NA,NA,NA
Effect of salinity on the upper lethal temperature tolerance of early-juvenile red drum,Experimental,Laboratory,Survival,Red drum,Sciaenops ocellatus,Juvenile,Southeast US,NA,NA,NA,NA,NA,NA,NA,NA,NA,NA,NA,NA,NA,NA,NA,NA,NA,NA,NA,NA,NA,37.7,NA,NA,NA,NA,NA
"EFFECTS OF DIETARY-LIPID AND ENVIRONMENTAL SALINITY ON GROWTH, BODY-COMPOSITION, AND COLD TOLERANCE OF JUVENILE RED DRUM (SCIAENOPS-OCELLATUS)",Experimental,Laboratory,Growth,Red drum,Sciaenops ocellatus,Juvenile,Southeast US,NA,NA,NA,NA,NA,NA,NA,NA,NA,NA,NA,NA,NA,NA,NA,NA,NA,NA,NA,NA,NA,NA,NA,NA,NA,NA,NA
Ecophys.Fish: A simulation model of fish growth in time-varying environmental regimes,Model,NA,NA,Red drum,Sciaenops ocellatus,Adult,Southeast US,28,NA,NA,28,NA,NA,NA,NA,NA,NA,NA,NA,NA,NA,NA,NA,NA,NA,4,NA,NA,34,NA,NA,NA,NA,NA
Fishery Management Complexes: An Impediment or Aid to Sustainable Harvest? A Discussion Based on the Northeast Skate Complex,Observational,Wild,Habitat,Rosette skate,Leucoraja garmani,Adult,Northeast US,NA,NA,11.26,NA,NA,NA,NA,NA,NA,NA,NA,NA,NA,NA,NA,NA,NA,NA,NA,NA,NA,NA,NA,NA,NA,NA,NA
Causes of Mass Mortalities of Scallops (Placopecten magellanicus) in the Southwestern Gulf of St. Lawrence,Observational,Wild,Survival,Scallop (giant/deep sea),Placopecten magellanicus,Adult,Canada,NA,NA,NA,NA,NA,NA,NA,NA,NA,NA,NA,NA,NA,NA,NA,NA,NA,NA,NA,NA,NA,30.6,NA,NA,NA,NA,NA
CRITICAL THERMAL MAXIMA OF 2 SPECIES OF ESTUARINE FISH,Experimental,Laboratory,Survival,scup,"Stenotomus chrysops, L.",Juvenile,Northeast US,NA,NA,NA,NA,NA,NA,NA,NA,NA,NA,NA,NA,NA,NA,NA,NA,NA,NA,NA,NA,NA,35.6,NA,NA,NA,NA,NA
"Tolerance of the giant sea scallop, Placopecten magellanicus, to low salinity",Experimental,Aquaculture,Survival,Sea scallop,Placopecten magellanicus,Adult,Canada,NA,NA,NA,NA,NA,NA,NA,NA,NA,NA,NA,NA,NA,NA,18,NA,21,NA,NA,NA,NA,NA,NA,13.5,NA,NA,NA
"Heat shock protein responses in thermally stressed bay scallops, 

<i>Argopecten irradians</i>, and sea scallops, 

<i>Placopecten magellanicus</i>",Experimental,Laboratory,Stress,sea scallop,Placopecten magellanicus,Juvenile,Canada,5,NA,10,15,NA,NA,NA,NA,NA,NA,NA,NA,20,NA,NA,NA,NA,NA,NA,NA,NA,NA,NA,NA,NA,NA,NA
Thermal sensitivity of escape response performance by the scallop Placopecten magellanicus: Impact of environmental history,Experimental,Laboratory,Behavioural,Sea scallop,Placopecten magellanicus,Juvenile,Canada,NA,NA,NA,NA,NA,NA,NA,NA,NA,NA,18-19,NA,NA,NA,NA,NA,NA,NA,NA,NA,NA,NA,NA,NA,NA,NA,NA
"Embryonic Development of the Squid,Illex illecebrosus, and Effect of Temperature on Development Rates",Experimental,Laboratory,Growth,Shortfin squid,Illex illecebrosus,Egg,Canada,12,NA,NA,22,NA,NA,NA,NA,NA,NA,NA,NA,NA,NA,NA,NA,NA,NA,NA,NA,NA,12,NA,NA,NA,NA,NA
"Spatio-temporal variations in invertebrate?cod?environment relationships on the Newfoundland–Labrador Shelf, 1995?2008",Model,Wild,Habitat,shrimp,Pandalus borealis,Adult,Canada,0,NA,NA,4,NA,NA,NA,NA,NA,NA,NA,NA,NA,NA,NA,NA,NA,NA,NA,NA,NA,NA,NA,NA,NA,NA,NA
CHARACTERIZATION OF LIVER FLAVIN-CONTAINING MONOOXYGENASE OF THE DOGFISH SHARK (SQUALUS-ACANTHIAS) AND PARTIAL-PURIFICATION OF LIVER FLAVIN-CONTAINING MONOOXYGENASE OF THE SILKY SHARK (CARCHARHINUS-FALCIFORMIS),Experimental,Laboratory,Metabolic,Spiny dogfish,Squalus acanthias,Juvenile,Northeast US,15,NA,NA,NA,NA,NA,NA,NA,NA,NA,NA,NA,NA,NA,NA,NA,NA,NA,NA,NA,NA,45,NA,NA,NA,NA,NA
Fishery Management Complexes: An Impediment or Aid to Sustainable Harvest? A Discussion Based on the Northeast Skate Complex,Observational,Wild,Habitat,Smooth skate,Malacoraja senta,Adult,Northeast US,NA,NA,6.62,NA,NA,NA,NA,NA,NA,NA,NA,NA,NA,NA,NA,NA,NA,NA,NA,NA,NA,NA,NA,NA,NA,NA,NA
Length and sex?specific associations between spiny dogfish (Squalus acanthias) and hydrographic variables in the Bay of Fundy and Scotian Shelf,Observational,Wild,Habitat,Spiny dogfish,Squalus acanthias,Adult,Canada,6.62,NA,NA,9.19,NA,32.7,NA,NA,34.43,NA,NA,NA,NA,NA,NA,NA,NA,NA,NA,NA,NA,NA,NA,NA,NA,NA,NA
Impact of ocean warming on sustainable fisheries management informs the Ecosystem Approach to Fisheries,Model,Wild,Growth,Spiny dogfish,Squalus acanthias,Adult,Europe,NA,NA,13.18,NA,NA,NA,NA,NA,NA,NA,NA,NA,NA,NA,NA,NA,NA,NA,NA,NA,NA,NA,NA,NA,NA,NA,NA
"Influence of environmental, spatial, and ontogenetic variables on habitat selection and management of spiny dogfish in the Northeast (US) shelf large marine ecosystem",Observational,Wild,Habitat,Spiny dogfish,Squalus acanthias,Adult,Northeast US,5,NA,9.9,15.6,NA,31.8,NA,34.3,35.5,NA,NA,NA,NA,NA,NA,NA,NA,NA,NA,NA,NA,NA,NA,NA,NA,NA,NA
Use of satellite tags to reveal the movements of spiny dogfish Squalus acanthias in the western North Atlantic Ocean,Observational,Wild,Habitat,Spiny dogfish,Squalus acanthias,Adult,Northeast US,5.2,NA,NA,14.9,NA,NA,NA,NA,NA,NA,NA,NA,NA,NA,NA,NA,NA,NA,NA,NA,NA,NA,NA,NA,NA,NA,NA
Thermal Range and Physiological Tolerance Mechanisms in Two Shark Species from the Northwest Atlantic,review,Wild,Habitat,Spiny dogfish,Squalus acanthias,Adult,Northeast US,6,NA,10,21,NA,NA,NA,NA,NA,NA,NA,NA,NA,NA,NA,NA,NA,NA,NA,NA,NA,NA,NA,NA,NA,NA,NA
Thermal Range and Physiological Tolerance Mechanisms in Two Shark Species from the Northwest Atlantic,Experimental,Aquaculture,Stress,Spiny dogfish,Squalus acanthias,Adult,Northeast US,NA,NA,NA,NA,NA,NA,NA,NA,NA,NA,21,NA,23,NA,NA,NA,NA,NA,NA,NA,NA,NA,NA,NA,NA,NA,NA
"Influence of environmental, spatial, and ontogenetic variables on habitat selection and management of spiny dogfish in the Northeast (US) shelf large marine ecosystem",Observational,Wild,Habitat,Spiny dogfish,Squalus acanthias,Juvenile,Northeast US,5.1,NA,10.175,15.8,NA,32.1,NA,33.675,35.6,NA,NA,NA,NA,NA,NA,NA,NA,NA,NA,NA,NA,NA,NA,NA,NA,NA,NA
ON TEMPERATURE AND THE BREATHING RHYTHM OF CANIS MUSTELUS AND SQUALUS ACANTHIAS,Experimental,Laboratory,Metabolic,Spiny dogfish,Squalus acanthias,Juvenile,Northeast US,NA,NA,NA,NA,NA,NA,NA,NA,NA,NA,14.5,NA,20.5,NA,NA,NA,NA,NA,NA,NA,NA,NA,NA,NA,NA,NA,NA
"Influence of environmental, spatial, and ontogenetic variables on habitat selection and management of spiny dogfish in the Northeast (US) shelf large marine ecosystem",Observational,Wild,Habitat,Spiny dogfish,Squalus acanthias,Larval,Northeast US,5,NA,9.9,13.9,NA,31.5,NA,33.1,35.1,NA,NA,NA,NA,NA,NA,NA,NA,NA,NA,NA,NA,NA,NA,NA,NA,NA,NA
Occurrence of Spiny Dogfish in the Pacific Waters off the Northern Kuril Islands and Southeastern Kamchatka,Observational,Wild,Habitat,Spiny dogfish,Squalus acanthias,Adult,Pacific US,6,NA,NA,14,NA,NA,NA,NA,NA,NA,NA,NA,NA,NA,NA,NA,NA,NA,NA,NA,NA,NA,NA,NA,NA,NA,NA
"Population Estimates of Spiny Dogfish Aggregations Overwintering South of Cape Hatteras, North Carolina, Using an Area Density Method",Observational,Wild,Habitat,Spiny dogfish,Squalus acanthias,Adult,Southeast US,10.4,NA,NA,15.7,NA,NA,NA,NA,NA,NA,NA,NA,NA,NA,NA,NA,NA,NA,NA,NA,NA,NA,NA,NA,NA,NA,NA
"Upper Temperature Tolerance of Spot, Leiostomus xanthurus , From the Cape Fear River Estuary, North Carolina",Experimental,Laboratory,Stress,Spot,Leiostomus xanthurus,Juvenile,Northeast US,NA,NA,NA,NA,NA,NA,NA,NA,NA,NA,NA,NA,NA,NA,NA,NA,NA,NA,NA,NA,NA,35.2,NA,NA,NA,NA,NA
SUBMERGED CAGE CULTURE OF FISH IN SUPERSATURATED THERMAL EFFLUENT,Observational,Aquaculture,Multiple,spot,Leiostomus xanthurus,Juvenile,Southeast US,NA,NA,NA,NA,NA,NA,NA,NA,NA,NA,NA,NA,NA,NA,NA,NA,NA,NA,35.2,NA,NA,37,NA,NA,NA,NA,NA
"Effects of salinity fluctuation on routine metabolism of juvenile spot, Leiostomus xanthums",Experimental,Laboratory,Metabolic,Spot,Leiostomus xanthurus,Juvenile,Southeast US,NA,NA,NA,NA,NA,0,NA,NA,34,NA,NA,NA,NA,NA,NA,NA,NA,NA,NA,NA,NA,NA,NA,NA,NA,NA,NA
"Routine metabolism of juvenile spot, Leiostomus xanthurus (Lacepede), as a function of temperature, salinity and weight",Experimental,Laboratory,NA,Spot,Leiostomus xanthurus,Juvenile,Southeast US,NA,NA,NA,NA,NA,NA,NA,NA,NA,NA,1.2,NA,35.5,NA,0,NA,60,NA,NA,NA,NA,NA,NA,NA,NA,NA,NA
Effect of Temperature and Hypersalinity on Hatching Success of Spotted Seatrout Eggs,Experimental,Laboratory,Reproduction,Spotted sea trout,Cynoscion nebulosus,Egg,Southeast US,23,NA,NA,26,NA,30,NA,NA,NA,NA,20,NA,NA,NA,NA,NA,40,NA,NA,NA,NA,NA,NA,NA,NA,NA,NA
Relating cold tolerance to winterkill for spotted seatrout at its northern latitudinal limits,Experimental,Laboratory,Survival,Spotted seatrout,Cynoscion nebulosus,Adult,Northeast US,7,NA,NA,NA,NA,NA,NA,NA,NA,NA,5,NA,NA,NA,NA,NA,NA,NA,3.1,NA,NA,NA,NA,NA,NA,NA,NA
"Age?linked changes in salinity tolerance of larval spotted seatrout (Cynoscion nebulosus, Cuvier)",Experimental,Laboratory,Survival,Spotted seatrout,Cynoscion nebulosus,Larval,Northeast US,NA,NA,NA,NA,NA,NA,NA,NA,NA,NA,NA,NA,NA,NA,NA,NA,NA,NA,NA,NA,NA,NA,NA,1.9,NA,49.8,NA
Comparative transcriptomics of spotted seatrout (Cynoscion nebulosus) populations to cold and heat stress,Experimental,Laboratory,Metabolic,spotted seatrout,Cynoscion nebulosus,Adult,Southeast US,5,NA,NA,30,NA,NA,NA,NA,NA,NA,NA,NA,NA,NA,NA,NA,NA,NA,NA,NA,NA,NA,NA,NA,NA,NA,NA
Salinity stress and swimming performance of spotted seatrout,Experimental,Laboratory,Stress,Spotted seatrout,Cynoscion nebulosus,Adult,Southeast US,NA,NA,NA,NA,NA,NA,NA,NA,NA,NA,NA,NA,NA,NA,20,NA,25,NA,NA,NA,NA,NA,NA,NA,NA,NA,NA
"SALINITY STRESSES, METABOLIC RESPONSES AND DISTRIBUTION OF COASTAL SPOTTED SEATROUT, CYNOSCION-NEBULOSUS",Experimental,Laboratory,Stress,Spotted seatrout,Cynoscion nebulosus,Adult,Southeast US,NA,NA,NA,NA,NA,NA,NA,20,NA,NA,NA,NA,NA,NA,NA,NA,NA,NA,NA,NA,NA,NA,NA,10,NA,45,NA
Critical Thermal Maximum of Juvenile Spotted Seatrout (Cynoscion nebulosus) Reared for Summer Stocking in Texas,Experimental,Laboratory,Survival,spotted seatrout,Cynoscion nebulosas,Juvenile,Southeast US,NA,NA,NA,NA,NA,NA,NA,NA,NA,NA,NA,NA,NA,NA,NA,NA,NA,NA,38.8,NA,NA,39.4,NA,NA,NA,NA,NA
Low?Temperature Tolerance of Juvenile Spotted Seatrout in South Carolina,Experimental,Laboratory,Survival,Spotted seatrout,Cynoscion nebulosus,Juvenile,Southeast US,NA,NA,NA,NA,NA,NA,NA,NA,NA,NA,5.25,NA,NA,NA,4.25,NA,NA,NA,NA,NA,NA,NA,NA,NA,NA,NA,NA
Salinity and temperature tolerance limits for larval spotted seatrout Cynoscion nebulosus C. (Pisces: Sciaenidae),Experimental,Laboratory,Reproduction,Spotted seatrout,Cynoscion nebulosus,Larval,Southeast US,25,NA,NA,30,NA,25,NA,NA,30,NA,20,NA,NA,NA,5,NA,NA,NA,NA,NA,NA,NA,NA,0,NA,NA,NA
ESTUARINE SALINITY STRESS ON SPOTTED SEATROUT,Experimental,Laboratory,Metabolic,Spotted seatrout,Cynoscion nebulosus,Adult,Southeast US,NA,NA,NA,NA,NA,NA,NA,NA,NA,NA,NA,NA,NA,NA,NA,NA,NA,NA,10,NA,NA,28,NA,20,NA,60,NA
"Changes in high temperature tolerance of striped bass larvae, Morone saxatilis , during development",Experimental,Laboratory,NA,Striped bass,Morone saxatilis,Adult,Unknown,5,NA,NA,35,NA,NA,NA,NA,NA,NA,NA,NA,NA,NA,NA,NA,NA,NA,NA,NA,NA,NA,NA,NA,NA,NA,NA
"Changes in high temperature tolerance of striped bass larvae, Morone saxatilis , during development",Experimental,Laboratory,Survival,Striped bass,Morone saxatilis,Egg,Unknown,16,NA,NA,19,NA,NA,NA,NA,NA,NA,NA,NA,NA,NA,NA,NA,NA,NA,NA,NA,NA,NA,NA,NA,NA,NA,NA
Temperature and Salinity Effects on Survival and Growth of Early Life Stage Shubenacadie River Striped Bass,Experimental,Laboratory,Multiple,Striped bass,Morone saxatilis,Egg,Canada,NA,NA,NA,NA,NA,2,NA,NA,20,NA,NA,NA,NA,NA,NA,NA,30,NA,NA,NA,NA,NA,NA,NA,NA,NA,NA
"Increased acute thermal tolerance and little change to hematology following acclimation to warm water in juvenile Striped Bass, Morone saxatilis",Experimental,Laboratory,Survival,striped bass,Morone saxatilis,Juvenile,Canada,15,NA,NA,25,NA,NA,NA,NA,NA,NA,NA,NA,30,NA,NA,NA,NA,NA,NA,NA,NA,NA,NA,NA,NA,NA,NA
Temperature and Salinity Effects on Survival and Growth of Early Life Stage Shubenacadie River Striped Bass,Experimental,Laboratory,Multiple,Striped bass,Morone saxatilis,Juvenile,Canada,NA,NA,26-30,NA,NA,NA,NA,NA,NA,NA,NA,NA,NA,NA,NA,NA,NA,NA,10,NA,NA,NA,NA,NA,NA,NA,NA
"Thermal tolerance of a northern population of striped bass 

<i>Morone saxatilis</i>",Experimental,Laboratory,Multiple,Striped bass,Morone saxatilis,Juvenile,Canada,NA,NA,NA,NA,NA,NA,NA,NA,NA,NA,NA,NA,NA,NA,NA,NA,NA,NA,2.4-11.3,NA,NA,24.4-33.9,NA,NA,NA,NA,NA
Temperature and Salinity Effects on Survival and Growth of Early Life Stage Shubenacadie River Striped Bass,Experimental,Laboratory,Multiple,Striped bass,Morone saxatilis,Larval,Canada,NA,NA,26,NA,NA,NA,NA,NA,NA,NA,10,NA,14,NA,NA,NA,30,NA,NA,NA,NA,NA,NA,NA,NA,NA,NA
"Spatial and temporal patterns in the distribution and feeding habits of Morone saxatilis in marsh creeks of Delaware Bay, USA",Observational,Wild,Behavioural,Striped bass,Morone saxatilis,Adult,Northeast US,NA,NA,NA,NA,NA,NA,NA,3,NA,NA,NA,NA,NA,NA,NA,NA,NA,NA,NA,NA,NA,NA,NA,NA,NA,NA,NA
Effects of temperature and salinity on survival of young-of-year Hudson River striped bass (Morone saxatilis): implications for optimal overwintering habitats,Experimental,Laboratory,Metabolic,Striped bass,Morone saxatilis,Juvenile,Northeast US,NA,NA,NA,NA,NA,5,NA,15,30,NA,NA,NA,NA,NA,NA,NA,NA,NA,NA,NA,NA,NA,NA,0,NA,NA,NA
"TEMPERATURE EFFECTS ON THE TIMING OF STRIPED BASS EGG-PRODUCTION, LARVAL VIABILITY, AND RECRUITMENT POTENTIAL IN THE PATUXENT RIVER (CHESAPEAKE BAY)",Observational,Wild,Multiple,Striped bass,Morone saxatilis,Larval,Northeast US,15,NA,NA,20,NA,NA,NA,NA,NA,NA,NA,NA,NA,NA,NA,NA,NA,NA,NA,NA,NA,NA,NA,NA,NA,NA,NA
Thermal effects of power plant entrainment on survival of larval fishes: a laboratory assessment,Experimental,Laboratory,Survival,Striped bass,Morone saxatilis,Larval,Northeast US,NA,NA,20.1,NA,NA,NA,NA,NA,NA,NA,NA,NA,NA,NA,NA,NA,NA,NA,36.1,NA,NA,41.1,NA,NA,NA,NA,NA
"Development of salinity stress tests for larval striped bass, Morone saxatilis , and inland silversides, Menidia beryllina , used in nutritional studies",Experimental,Laboratory,Survival,striped bass,Morone saxatilis,Larval,Northeast US,NA,NA,NA,NA,NA,10,NA,NA,20,NA,NA,NA,NA,NA,NA,NA,30,NA,NA,NA,NA,NA,NA,NA,NA,40,NA
Assessment of potential impact of the Clinch River Breeder Reactor Plant thermal effluent on the Watts Bar Reservoir striped bass population,Experimental,Laboratory,Survival,Striped bass,Morone saxitilis,Adult,Southeast US,NA,NA,NA,NA,NA,NA,NA,NA,NA,NA,NA,NA,NA,NA,NA,NA,NA,NA,NA,NA,NA,26,NA,NA,NA,NA,NA
Survival of Striped Bass Entrained into the Cooling Systems of Two Hudson River Power Stations,Model,Wild,Survival,Striped bass,Morone saxatilis,Adult,Northeast US,NA,NA,NA,NA,NA,NA,NA,NA,NA,NA,NA,NA,NA,NA,NA,NA,NA,NA,NA,NA,NA,30,NA,NA,NA,NA,NA
Effect of body size on growth and food conversion of juvenile striped bass reared at 16-28 degrees C in freshwater and seawater,Experimental,Laboratory,Growth,striped bass,Morone saxatilis,Juvenile,Canada,16,NA,NA,28,NA,NA,NA,NA,NA,NA,NA,NA,NA,NA,NA,NA,NA,NA,NA,NA,NA,NA,NA,NA,NA,NA,NA
ACCLIMATION AND REARING OF STRIPED BASS LARVAE IN SEA-WATER,Experimental,Laboratory,Growth,Striped bass,Morone saxitilis,Larval,Pacific US,NA,NA,NA,NA,NA,NA,NA,10% sea water,60% sea water,NA,NA,NA,NA,NA,0,NA,NA,NA,NA,NA,NA,NA,NA,NA,NA,NA,NA
Distribution and environmental relationships of three species of wolffish (Anarhichas spp.) in the Gulf of St. Lawrence,Observational,Wild,Habitat,Striped wolffish,Anarhichas lupus,Adult,Canada,4.9,NA,NA,3.77,NA,32.75,NA,NA,33.91,NA,NA,NA,NA,NA,NA,NA,NA,NA,NA,NA,NA,NA,NA,NA,NA,NA,NA
"Feeding, growth and survival of juvenile summer flounder Paralichthys dentatus : Experimental analysis of the effects of temperature und salinity",Experimental,Laboratory,Multiple,Summer flounder,Paralichthys dentatus,Juvenile,Northeast US,NA,NA,NA,NA,NA,NA,NA,NA,NA,NA,NA,NA,NA,NA,NA,NA,NA,NA,3,NA,NA,10,NA,NA,NA,NA,NA
Growth and temperature-induced mortality of young-of-the-year summer flounder (Paralichthys dentatus ) in southern New Jersey,Observational,Wild,Survival,Summer flounder,Paralichthys dentatus,Larval,Northeast US,NA,NA,NA,NA,NA,NA,NA,NA,NA,NA,NA,NA,NA,NA,NA,NA,NA,NA,2,NA,NA,NA,NA,NA,NA,NA,NA
"Metamorphosis in the summer flounder, 

<i>Paralichthys dentatus</i>:: Thyroidal status influences salinity tolerance",Experimental,Aquaculture,Survival,Summer flounder,Paralichthys dentatus,Larval,Northeast US,NA,NA,NA,NA,NA,0,NA,NA,33,NA,NA,NA,NA,NA,NA,NA,NA,NA,NA,NA,NA,NA,NA,NA,NA,NA,NA
"Effects of Ration Limitation and Low Temperature on Growth, Biochemical Condition, and Survival of Juvenile Summer Flounder from Two Atlantic Coast Nurseries",Experimental,Laboratory,Multiple,Summer flounder,Paralichthys dentatus,Juvenile,East Coast US,10,NA,NA,16,NA,NA,NA,NA,NA,NA,NA,NA,NA,NA,NA,NA,NA,NA,NA,NA,NA,NA,NA,NA,NA,NA,NA
"Efforts to understand stock structure of summer flounder (Paralichthys dentatus) in North Carolina, USA",Observational,Wild,Growth,Summer flounder,Paralichthys dentatus,Larval,Southeast US,16,NA,19,22,NA,NA,NA,NA,NA,NA,NA,NA,NA,NA,NA,NA,NA,NA,NA,NA,NA,NA,NA,NA,NA,NA,NA
"Efforts to understand stock structure of summer flounder (Paralichthys dentatus) in North Carolina, USA",Experimental,Laboratory,Growth,Summer flounder,Paralichthys dentatus,Larval,Southeast US,NA,NA,NA,NA,NA,2.5,NA,NA,5,NA,NA,NA,NA,NA,NA,NA,NA,NA,NA,NA,NA,NA,NA,NA,NA,NA,NA
"Thermal Optima for the Culture of Juvenile Summer Flounder, Paralichthys dentatus",Experimental,Aquaculture,Growth,Summer flounder,Paralichthys dentatus,Juvenile,Southeast US,19,NA,NA,24,NA,NA,NA,NA,NA,NA,NA,NA,29,NA,NA,NA,NA,NA,NA,NA,NA,NA,NA,NA,NA,NA,NA
"Using Stable Isotopic Data to Resolve Rate and Duration of Growth throughout Ontogeny: An Example from the Surf Clam, Spisula solidissima",Model,Wild,Growth,Surf clam,Spisula solidissima,Adult,Northeast US,NA,NA,11,NA,NA,NA,NA,NA,NA,NA,NA,NA,NA,NA,NA,NA,NA,NA,NA,NA,NA,NA,NA,NA,NA,NA,NA
Temperature constrains locomotion and muscle function in two temperate labrids,Experimental,Laboratory,Behavioural,Tautog,Tautoga onitis,Adult,Northeast US,NA,NA,NA,NA,NA,NA,NA,NA,NA,NA,NA,NA,10,NA,NA,NA,NA,NA,NA,NA,NA,NA,NA,NA,NA,NA,NA
"Influence of temperature on energy utilization of embryonic and prolarval tautog, Tautoga onitis",Experimental,Laboratory,Metabolic,Tautog,Tautoga onitis,Larval,Northeast US,NA,NA,16,22,NA,NA,NA,NA,NA,NA,NA,NA,NA,NA,NA,NA,NA,NA,NA,NA,NA,NA,NA,NA,NA,NA,NA
A preliminary investigation of the effects of ocean climate variations on the spring distribution and abundance of thorny skate (Amblyraja radiata) in NAFO Divisions 3LNO and Subdivision 3Ps,Observational,Wild,NA,Thorny skate,Amblyraja radiata,Adult,Canada,3,NA,NA,NA,NA,NA,NA,NA,NA,NA,2,NA,NA,NA,NA,NA,NA,NA,NA,NA,NA,NA,NA,NA,NA,NA,NA
Impact of ocean warming on sustainable fisheries management informs the Ecosystem Approach to Fisheries,Model,Wild,Growth,Thorny skate,Amblyraja radiata,Adult,Europe,NA,NA,2,NA,NA,NA,NA,NA,NA,NA,NA,NA,NA,NA,NA,NA,NA,NA,NA,NA,NA,NA,NA,NA,NA,NA,NA
Fishery Management Complexes: An Impediment or Aid to Sustainable Harvest? A Discussion Based on the Northeast Skate Complex,Observational,Wild,Habitat,Thorny skate,Amblyraja radiata,Adult,Northeast US,NA,NA,6.36,NA,NA,NA,NA,NA,NA,NA,NA,NA,NA,NA,NA,NA,NA,NA,NA,NA,NA,NA,NA,NA,NA,NA,NA
Temporal and spatial variation in habitat characteristics of tilefish (Lopholatilus chamaeleonticeps) off the east coast of Florida,Observational,Wild,Habitat,tilefish,Lopholatilus chamaeleonticeps,Adult,Southeast US,9,NA,NA,14,NA,NA,NA,NA,NA,NA,NA,NA,NA,NA,NA,NA,NA,NA,NA,NA,NA,NA,NA,NA,NA,NA,NA
Species profiles: Life histories and environmental requirements of coastal fishes and invertebrates (Mid-Atlantic). Weakfish,review,Wild,NA,Weakfish,Cynoscion regalis,Adult,Northeast US,NA,NA,NA,NA,NA,NA,NA,NA,NA,NA,7.9,NA,29,NA,NA,NA,NA,NA,3.3,NA,NA,NA,NA,NA,NA,NA,NA
Species profiles: Life histories and environmental requirements of coastal fishes and invertebrates (Mid-Atlantic). Weakfish,review,Laboratory,NA,Weakfish,Cynoscion regalis,Egg,Northeast US,18,NA,NA,24,NA,NA,NA,NA,NA,NA,NA,NA,NA,NA,NA,NA,NA,NA,NA,NA,NA,NA,NA,NA,NA,NA,NA
"Suitability of estuarine nursery zones for juvenile weakfish (Cynoscion regalis): effects of temperature and salinity on feeding, growth and survival",Experimental,Aquaculture,Multiple,Weakfish,Cynoscion regalis,Juvenile,Northeast US,27,NA,NA,29,NA,19,NA,20,26,NA,NA,NA,NA,NA,NA,NA,NA,NA,5,NA,NA,NA,NA,NA,NA,NA,NA
"Spatial and temporal variation in recent growth, overall growth, and mortality of juvenile weakfish (Cynoscion regalis) in Delaware Bay",Model,Laboratory,Growth,Weakfish,Cynoscion regalis,Juvenile,Northeast US,NA,NA,NA,NA,NA,NA,NA,NA,20,NA,NA,NA,NA,NA,NA,NA,NA,NA,NA,NA,NA,NA,NA,NA,NA,NA,NA
"DISTRIBUTION AND LIFE-HISTORY OF WINDOWPANE, SCOPHTHALMUS-AQUOSUS, OFF THE NORTHEASTERN UNITED-STATES",Observational,Wild,Reproduction,windowpane,Scophthalmus aquosus,Larval,Northeast US,13,NA,NA,19,NA,NA,NA,NA,NA,NA,NA,NA,NA,NA,NA,NA,NA,NA,NA,NA,NA,NA,NA,NA,NA,NA,NA
Windowpane flounder (Scophthalmus aquosus) and winter flounder (Pseudopleuronectes americanus) responses to cold temperature extremes in a Northwest Atlantic estuary,Observational,Wild,Survival,Windowpane flounder,Scophthalmus aquosus,Juvenile,Northeast US,0,NA,NA,18,NA,NA,NA,NA,NA,NA,NA,NA,NA,NA,NA,NA,NA,NA,NA,NA,NA,NA,NA,NA,NA,NA,NA
A comparison of the effects of temperature on melanophore in vitro responses to noradrenalin in two teleost species adapted to cold ocean and tropical conditions,Experimental,Laboratory,NA,winter flounder,Pseudopleuronectes americanus,Adult,Canada,5,NA,NA,20,NA,NA,NA,NA,NA,NA,25,NA,NA,NA,NA,NA,NA,NA,NA,NA,NA,NA,NA,NA,NA,NA,NA
The effects of acute changes in temperature and oxygen availability on cardiac performance in winter flounder (Pseudopleuronectes americanus),Experimental,Laboratory,Metabolic,Winter flounder,Pseudopleuronectes americanus,Adult,Canada,NA,NA,NA,NA,NA,NA,NA,NA,NA,NA,14,NA,24,NA,NA,NA,NA,NA,NA,NA,NA,NA,NA,NA,NA,NA,NA
"Effects of salinity on eggs and yolk-sac larvae of Atlantic cod, Atlantic halibut, haddock and winter flounder",Experimental,Laboratory,Survival,Winter flounder,Pseudopleuronectes americanus,Egg,Canada,NA,NA,NA,NA,NA,NA,NA,NA,NA,NA,NA,NA,NA,NA,NA,NA,NA,NA,NA,NA,NA,NA,NA,NA,NA,35,NA
"Effects of salinity on eggs and yolk-sac larvae of Atlantic cod, Atlantic halibut, haddock and winter flounder",Experimental,Laboratory,Survival,Winter flounder,Pseudopleuronectes americanus,Larval,Canada,NA,NA,NA,NA,NA,15,NA,NA,20,NA,NA,NA,NA,NA,NA,NA,NA,NA,NA,NA,NA,NA,NA,NA,NA,NA,NA
Seasonal Use of Estuaries by Winter Flounder in the Southern Gulf of St. Lawrence,Observational,Wild,Habitat,Winter flounder,Pleuronectes americanus,Adult,Canada,3,NA,NA,16,NA,NA,NA,NA,NA,NA,NA,NA,NA,NA,NA,NA,NA,NA,27,NA,NA,32,NA,NA,NA,8,NA
"Cardiovascular responses of the winter flounder, Pseudopleuronectes americanus to near-lethal temperature",Experimental,Laboratory,Metabolic,Winter flounder,Pseudopleuronectes americanus,Adult,Northeast US,5,NA,NA,15,NA,NA,NA,NA,NA,NA,NA,NA,20,NA,NA,NA,NA,NA,NA,NA,NA,26,NA,NA,NA,NA,NA
TEMPERATURE TOLERANCES OF 3 SPECIES OF MARINE FISHES,Experimental,Laboratory,Survival,Winter flounder,Pseudopleuronectes americanus,Adult,Northeast US,NA,NA,NA,NA,NA,NA,NA,NA,NA,NA,NA,NA,NA,NA,NA,NA,NA,NA,0-1,NA,25.2-26.2,NA,NA,NA,NA,NA,NA
Thermoprotection of a functional epithelium: heat stress effects on transepithelial transport by flounder renal tubule in primary monolayer culture,Experimental,Laboratory,Stress,Winter flounder,Pleuronectes americanus),Adult,Northeast US,NA,NA,NA,NA,NA,NA,NA,NA,NA,NA,22,NA,37,NA,NA,NA,NA,NA,NA,NA,NA,NA,NA,NA,NA,NA,NA
Viable embryogenesis of the winter flounder Pseudopleuronectes americanus from - 1.8° to 15°C,Experimental,Laboratory,Survival,Winter flounder,Pseudopleuronectes americanus,Egg,Northeast US,NA,NA,NA,NA,NA,NA,NA,NA,NA,NA,NA,NA,NA,NA,NA,NA,NA,NA,-1.8,NA,NA,15,NA,NA,NA,NA,NA
CRITICAL THERMAL MAXIMA OF 2 SPECIES OF ESTUARINE FISH,Experimental,Laboratory,Survival,winter flounder,"Pseudopleuronectes americanus and Stenotomus chrysops, L.",Juvenile,Northeast US,NA,NA,NA,NA,NA,NA,NA,NA,NA,NA,NA,NA,NA,NA,NA,NA,NA,NA,NA,NA,NA,32.4,NA,NA,NA,NA,NA
Effects of temperature and salinity on the survival of winter flounder embryos,Experimental,Laboratory,Survival,Winter flounder,Pseudopleuronectes americanus,Larval,Northeast US,NA,NA,3,NA,NA,15,NA,NA,35,NA,NA,NA,NA,NA,NA,NA,NA,NA,NA,NA,NA,NA,NA,NA,NA,NA,NA
Windowpane flounder (Scophthalmus aquosus) and winter flounder (Pseudopleuronectes americanus) responses to cold temperature extremes in a Northwest Atlantic estuary,Observational,Wild,Survival,Winter flounder,Pseudopleuronectes americanus,Juvenile,Northeast US,0,NA,NA,18,NA,NA,NA,NA,NA,NA,12,NA,15,NA,NA,NA,NA,NA,NA,NA,NA,30,NA,NA,NA,NA,NA
Growth rates of juvenile winter flounder under varying environmental conditions,Observational,Wild,Growth,Winter flounder,Pleuronectes americanus,Juvenile,Northeast US,NA,NA,15,NA,NA,NA,NA,NA,NA,NA,NA,NA,NA,NA,NA,NA,NA,NA,NA,NA,NA,NA,NA,NA,NA,NA,NA
Fishery Management Complexes: An Impediment or Aid to Sustainable Harvest? A Discussion Based on the Northeast Skate Complex,Observational,Wild,Habitat,Winter skate,Leucoraja ocellata,Adult,Northeast US,NA,NA,8.8,NA,NA,NA,NA,NA,NA,NA,NA,NA,NA,NA,NA,NA,NA,NA,NA,NA,NA,NA,NA,NA,NA,NA,NA
"Witch Flounder Distribution off Southern Newfoundland, and Changes in Age, Growth, and Sexual Maturity Patterns with Commercial Exploitation",Observational,Wild,Multiple,Witch flounder,Glyptocephalus cynoglossus,Adult,Canada,0,NA,NA,9,NA,NA,NA,NA,NA,NA,NA,NA,NA,NA,NA,NA,NA,NA,NA,NA,NA,NA,NA,NA,NA,NA,NA
Impact of ocean warming on sustainable fisheries management informs the Ecosystem Approach to Fisheries,Model,Wild,Growth,Witch flounder,Glyptocephalus cynoglossus,Adult,Europe,NA,NA,6.67,NA,NA,NA,NA,NA,NA,NA,NA,NA,NA,NA,NA,NA,NA,NA,NA,NA,NA,NA,NA,NA,NA,NA,NA
"The Effect of Temperature on First Feeding, Growth, and Survival of Larval Witch Flounder Glyptocephalus cynoglossus",Experimental,Laboratory,Behavioural,Witch flounder,Glyptocephalus cynoglossus,Larval,Northeast US,15,NA,NA,16.2,NA,NA,NA,NA,NA,NA,NA,NA,NA,NA,NA,NA,NA,NA,NA,NA,NA,NA,NA,NA,NA,NA,NA
"Effects of prey density and temperature on survival, growth, and behaviour of newly hatched striped wolffish (Anarhichas lupus)",Experimental,Laboratory,Multiple,Wolffish,Anarhichas lupus,Larval,5,4,NA,NA,8,NA,NA,NA,NA,NA,NA,NA,NA,NA,NA,NA,NA,NA,NA,NA,NA,NA,NA,NA,NA,NA,NA,NA
"Growth of juveniles of White Sea common wolffish, Anarhichas lupus L., in captivity",Experimental,Laboratory,Growth,Wolffish,Anarhichas lupus,Juvenile,Europe,10,NA,NA,14,NA,NA,NA,NA,NA,NA,NA,NA,NA,NA,NA,NA,NA,NA,NA,NA,NA,NA,NA,NA,NA,NA,NA
"Growth of juveniles of White Sea common wolffish, Anarhichas lupus L., in captivity",Experimental,Laboratory,Growth,Wolffish,Anarhichas lupus,Larval,Europe,2,NA,NA,16,NA,NA,NA,NA,NA,NA,NA,NA,NA,NA,NA,NA,NA,NA,NA,NA,NA,NA,NA,NA,NA,NA,NA
Embryology and Influence of Temperature and Salinity on Early Development and Survival of Yellowtail Flounder Limanda ferruginea,Experimental,Laboratory,Multiple,Yellowtail flounder,Limanda ferruginea,Egg,Northeast US,5,NA,NA,12,NA,28,NA,NA,38,NA,NA,NA,NA,NA,NA,NA,NA,NA,NA,NA,NA,NA,NA,NA,NA,NA,NA
